t_s,u,gyro_dps
0.0000,0.0220,-1.20
0.0020,0.0220,-1.10
0.0040,0.0220,-1.60
0.0060,0.0220,-1.90
0.0080,0.0220,-2.20
0.0100,0.0230,-2.30
0.0120,0.0230,-2.40
0.0140,0.0230,-2.90
0.0160,0.0230,-3.80
0.0180,0.0240,-4.40
0.0200,0.0240,-4.80
0.0220,0.0240,-5.10
0.0240,0.0240,-4.10
0.0260,0.0230,-3.10
0.0280,0.0230,-2.40
0.0300,0.0230,-2.00
0.0320,0.0230,-1.70
0.0340,0.0230,-1.70
0.0360,0.0230,-1.80
0.0380,0.0230,-1.80
0.0400,0.0230,-1.90
0.0420,0.0230,-1.90
0.0440,0.0230,-1.90
0.0460,0.0230,-1.90
0.0480,0.0230,-1.90
0.0500,0.0230,-1.90
0.0520,0.0230,-2.00
0.0540,0.0230,-2.40
0.0560,0.0240,-3.30
0.0580,0.0240,-3.90
0.0600,0.0250,-4.30
0.0620,0.0250,-4.50
0.0640,0.0250,-4.10
0.0660,0.0240,-3.10
0.0680,0.0240,-2.40
0.0700,0.0240,-1.90
0.0720,0.0240,-1.60
0.0740,0.0240,-1.60
0.0760,0.0240,-2.10
0.0780,0.0240,-2.50
0.0800,0.0240,-2.70
0.0820,0.0250,-2.90
0.0840,0.0250,-2.60
0.0860,0.0240,-1.70
0.0880,0.0240,-1.10
0.0900,0.0240,-0.70
0.0920,0.0240,-0.40
0.0940,0.0240,-0.50
0.0960,0.0250,-1.30
0.0980,0.0250,-1.80
0.1000,0.0250,-2.10
0.1020,0.0250,-2.40
0.1040,0.0260,-2.50
0.1060,0.0260,-2.90
0.1080,0.0260,-3.30
0.1100,0.0270,-3.60
0.1120,0.0270,-3.70
0.1140,0.0270,-3.90
0.1160,0.0270,-3.50
0.1180,0.0270,-3.20
0.1200,0.0270,-3.10
0.1220,0.0270,-3.00
0.1240,0.0270,-2.90
0.1260,0.0270,-2.30
0.1280,0.0270,-1.70
0.1300,0.0270,-1.40
0.1320,0.0270,-1.20
0.1340,0.0270,-1.10
0.1360,0.0270,-0.80
0.1380,0.0270,-0.60
0.1400,0.0270,-0.40
0.1420,0.0270,-0.40
0.1440,0.0270,-0.30
0.1460,0.0280,-0.90
0.1480,0.0280,-1.60
0.1500,0.0290,-2.00
0.1520,0.0290,-2.30
0.1540,0.0290,-2.50
0.1560,0.0290,-2.70
0.1580,0.0300,-2.90
0.1600,0.0300,-3.00
0.1620,0.0300,-3.10
0.1640,0.0300,-3.10
0.1660,0.0300,-2.80
0.1680,0.0300,-2.20
0.1700,0.0300,-1.80
0.1720,0.0300,-1.60
0.1740,0.0300,-1.40
0.1760,0.0300,-1.20
0.1780,0.0300,-0.70
0.1800,0.0300,-0.40
0.1820,0.0300,-0.10
0.1840,0.0300,0.00
0.1860,0.0310,-0.10
0.1880,0.0310,-0.40
0.1900,0.0310,-0.60
0.1920,0.0310,-0.70
0.1940,0.0320,-0.80
0.1960,0.0320,-0.70
0.1980,0.0320,-0.30
0.2000,0.0320,0.00
0.2020,0.0320,0.10
0.2040,0.0320,0.30
0.2060,0.0320,0.00
0.2080,0.0320,-0.70
0.2100,0.0330,-1.30
0.2120,0.0330,-1.70
0.2140,0.0330,-2.00
0.2160,0.0340,-2.00
0.2180,0.0330,-1.50
0.2200,0.0330,-1.10
0.2220,0.0330,-0.90
0.2240,0.0330,-0.70
0.2260,0.0330,-0.60
0.2280,0.0330,-0.80
0.2300,0.0340,-0.90
0.2320,0.0340,-1.00
0.2340,0.0340,-1.00
0.2360,0.0340,-1.10
0.2380,0.0330,-0.30
0.2400,0.0330,0.20
0.2420,0.0330,0.60
0.2440,0.0330,0.90
0.2460,0.0330,1.10
0.2480,0.0330,0.90
0.2500,0.0330,0.70
0.2520,0.0330,0.60
0.2540,0.0330,0.60
0.2560,0.0330,0.50
0.2580,0.0330,-0.10
0.2600,0.0330,-0.70
0.2620,0.0340,-1.00
0.2640,0.0340,-1.20
0.2660,0.0340,-1.40
0.2680,0.0330,-1.30
0.2700,0.0330,-1.00
0.2720,0.0330,-0.70
0.2740,0.0330,-0.60
0.2760,0.0320,-0.50
0.2780,0.0320,0.00
0.2800,0.0320,0.40
0.2820,0.0310,0.70
0.2840,0.0310,0.90
0.2860,0.0310,1.10
0.2880,0.0300,1.40
0.2900,0.0300,1.80
0.2920,0.0290,2.00
0.2940,0.0290,2.20
0.2960,0.0290,2.30
0.2980,0.0290,2.10
0.3000,0.0280,1.80
0.3020,0.0280,1.50
0.3040,0.0280,1.40
0.3060,0.0270,1.30
0.3080,0.0270,1.40
0.3100,0.0260,1.70
0.3120,0.0260,1.90
0.3140,0.0250,2.00
0.3160,0.0250,2.10
0.3180,0.0250,2.20
0.3200,0.0240,2.20
0.3220,0.0240,2.20
0.3240,0.0230,2.20
0.3260,0.0230,2.30
0.3280,0.0220,2.40
0.3300,0.0210,2.90
0.3320,0.0210,3.30
0.3340,0.0200,3.60
0.3360,0.0200,3.70
0.3380,0.0190,3.60
0.3400,0.0190,3.30
0.3420,0.0190,3.00
0.3440,0.0180,2.80
0.3460,0.0180,2.70
0.3480,0.0170,2.50
0.3500,0.0170,2.30
0.3520,0.0170,2.10
0.3540,0.0160,2.00
0.3560,0.0160,2.00
0.3580,0.0150,1.90
0.3600,0.0150,1.70
0.3620,0.0150,1.40
0.3640,0.0140,1.20
0.3660,0.0140,1.10
0.3680,0.0130,1.10
0.3700,0.0120,2.30
0.3720,0.0110,3.30
0.3740,0.0110,3.90
0.3760,0.0100,4.30
0.3780,0.0100,4.60
0.3800,0.0090,4.50
0.3820,0.0090,4.30
0.3840,0.0090,4.10
0.3860,0.0080,4.10
0.3880,0.0080,4.00
0.3900,0.0080,3.90
0.3920,0.0070,3.80
0.3940,0.0070,3.80
0.3960,0.0070,3.70
0.3980,0.0060,3.70
0.4000,0.0060,3.30
0.4020,0.0060,2.90
0.4040,0.0060,2.70
0.4060,0.0060,2.50
0.4080,0.0060,2.40
0.4100,0.0050,2.70
0.4120,0.0050,3.10
0.4140,0.0050,3.40
0.4160,0.0050,3.50
0.4180,0.0040,3.60
0.4200,0.0040,3.40
0.4220,0.0040,3.00
0.4240,0.0050,2.70
0.4260,0.0050,2.50
0.4280,0.0050,2.40
0.4300,0.0040,2.70
0.4320,0.0040,3.40
0.4340,0.0040,3.90
0.4360,0.0040,4.30
0.4380,0.0040,4.50
0.4400,0.0040,4.60
0.4420,0.0040,4.70
0.4440,0.0040,4.80
0.4460,0.0040,4.90
0.4480,0.0040,4.90
0.4500,0.0040,4.90
0.4520,0.0050,4.60
0.4540,0.0050,4.20
0.4560,0.0060,4.00
0.4580,0.0060,3.80
0.4600,0.0060,3.60
0.4620,0.0070,3.10
0.4640,0.0080,2.70
0.4660,0.0080,2.50
0.4680,0.0090,2.30
0.4700,0.0090,2.40
0.4720,0.0090,2.60
0.4740,0.0100,2.80
0.4760,0.0100,2.90
0.4780,0.0110,3.00
0.4800,0.0110,3.00
0.4820,0.0110,3.80
0.4840,0.0110,4.30
0.4860,0.0120,4.70
0.4880,0.0120,5.00
0.4900,0.0130,5.10
0.4920,0.0130,4.80
0.4940,0.0140,4.50
0.4960,0.0150,4.30
0.4980,0.0160,4.10
0.5000,0.0160,4.10
0.5020,0.0170,3.10
0.5040,0.0180,2.40
0.5060,0.0190,1.90
0.5080,0.0200,1.60
0.5100,0.0210,1.40
0.5120,0.0210,1.60
0.5140,0.0220,1.90
0.5160,0.0220,2.10
0.5180,0.0230,2.20
0.5200,0.0230,2.30
0.5220,0.0240,2.50
0.5240,0.0240,2.80
0.5260,0.0250,3.00
0.5280,0.0250,3.10
0.5300,0.0260,3.20
0.5320,0.0260,3.70
0.5340,0.0270,4.20
0.5360,0.0270,4.50
0.5380,0.0270,4.70
0.5400,0.0280,4.80
0.5420,0.0280,4.70
0.5440,0.0290,4.00
0.5460,0.0300,3.60
0.5480,0.0300,3.30
0.5500,0.0310,3.10
0.5520,0.0310,2.60
0.5540,0.0320,1.90
0.5560,0.0330,1.40
0.5580,0.0330,1.10
0.5600,0.0340,0.90
0.5620,0.0340,1.20
0.5640,0.0330,1.90
0.5660,0.0330,2.40
0.5680,0.0330,2.70
0.5700,0.0330,2.90
0.5720,0.0330,3.00
0.5740,0.0330,3.10
0.5760,0.0330,3.10
0.5780,0.0330,3.10
0.5800,0.0330,3.10
0.5820,0.0330,3.00
0.5840,0.0330,2.80
0.5860,0.0330,2.70
0.5880,0.0330,2.70
0.5900,0.0330,2.60
0.5920,0.0320,2.50
0.5940,0.0320,2.30
0.5960,0.0320,2.20
0.5980,0.0320,2.10
0.6000,0.0310,2.10
0.6020,0.0310,2.00
0.6040,0.0300,1.70
0.6060,0.0300,1.40
0.6080,0.0300,1.30
0.6100,0.0290,1.20
0.6120,0.0290,1.10
0.6140,0.0280,1.30
0.6160,0.0270,1.40
0.6180,0.0270,1.50
0.6200,0.0260,1.60
0.6220,0.0250,1.60
0.6240,0.0250,1.50
0.6260,0.0240,1.40
0.6280,0.0230,1.30
0.6300,0.0220,1.30
0.6320,0.0220,1.30
0.6340,0.0210,1.60
0.6360,0.0200,1.90
0.6380,0.0190,2.20
0.6400,0.0180,2.30
0.6420,0.0170,2.40
0.6440,0.0160,2.10
0.6460,0.0160,1.90
0.6480,0.0150,1.70
0.6500,0.0140,1.60
0.6520,0.0140,1.50
0.6540,0.0130,1.20
0.6560,0.0120,0.80
0.6580,0.0120,0.60
0.6600,0.0110,0.50
0.6620,0.0110,0.40
0.6640,0.0100,0.90
0.6660,0.0090,1.50
0.6680,0.0080,1.90
0.6700,0.0070,2.20
0.6720,0.0070,2.30
0.6740,0.0060,2.40
0.6760,0.0060,2.30
0.6780,0.0050,2.20
0.6800,0.0050,2.20
0.6820,0.0050,2.20
0.6840,0.0040,2.00
0.6860,0.0040,1.80
0.6880,0.0040,1.60
0.6900,0.0040,1.50
0.6920,0.0040,1.40
0.6940,0.0040,1.10
0.6960,0.0040,0.50
0.6980,0.0040,0.10
0.7000,0.0050,-0.10
0.7020,0.0050,-0.30
0.7040,0.0050,-0.40
0.7060,0.0050,0.00
0.7080,0.0050,0.40
0.7100,0.0050,0.60
0.7120,0.0060,0.80
0.7140,0.0060,0.90
0.7160,0.0060,1.10
0.7180,0.0070,1.20
0.7200,0.0070,1.20
0.7220,0.0080,1.30
0.7240,0.0090,1.30
0.7260,0.0090,1.30
0.7280,0.0100,1.20
0.7300,0.0110,1.20
0.7320,0.0110,1.20
0.7340,0.0120,1.20
0.7360,0.0130,0.90
0.7380,0.0140,0.70
0.7400,0.0150,0.50
0.7420,0.0160,0.40
0.7440,0.0170,0.40
0.7460,0.0180,0.20
0.7480,0.0190,0.00
0.7500,0.0200,0.00
0.7520,0.0210,-0.10
0.7540,0.0220,-0.10
0.7560,0.0230,-0.20
0.7580,0.0230,-0.20
0.7600,0.0240,-0.30
0.7620,0.0250,-0.30
0.7640,0.0260,-0.30
0.7660,0.0260,0.20
0.7680,0.0270,0.90
0.7700,0.0280,1.30
0.7720,0.0280,1.50
0.7740,0.0290,1.70
0.7760,0.0300,1.10
0.7780,0.0310,0.40
0.7800,0.0310,0.00
0.7820,0.0320,-0.20
0.7840,0.0330,-0.40
0.7860,0.0330,0.00
0.7880,0.0330,0.20
0.7900,0.0330,0.50
0.7920,0.0330,0.60
0.7940,0.0340,0.70
0.7960,0.0340,0.60
0.7980,0.0340,0.00
0.8000,0.0340,-0.30
0.8020,0.0340,-0.60
0.8040,0.0340,-0.80
0.8060,0.0340,-0.70
0.8080,0.0340,-0.30
0.8100,0.0330,-0.10
0.8120,0.0330,0.00
0.8140,0.0320,0.00
0.8160,0.0320,0.10
0.8180,0.0310,0.10
0.8200,0.0310,0.10
0.8220,0.0300,0.10
0.8240,0.0300,0.10
0.8260,0.0290,0.30
0.8280,0.0280,0.90
0.8300,0.0270,1.30
0.8320,0.0260,1.50
0.8340,0.0250,1.70
0.8360,0.0240,1.50
0.8380,0.0230,0.70
0.8400,0.0230,0.00
0.8420,0.0220,-0.30
0.8440,0.0210,-0.50
0.8460,0.0200,-0.80
0.8480,0.0190,-1.10
0.8500,0.0180,-1.30
0.8520,0.0170,-1.50
0.8540,0.0160,-1.60
0.8560,0.0160,-1.60
0.8580,0.0140,-1.40
0.8600,0.0130,-1.20
0.8620,0.0120,-1.10
0.8640,0.0110,-1.00
0.8660,0.0110,-1.00
0.8680,0.0090,0.00
0.8700,0.0080,0.70
0.8720,0.0070,1.20
0.8740,0.0060,1.60
0.8760,0.0060,1.80
0.8780,0.0050,1.00
0.8800,0.0050,0.30
0.8820,0.0050,0.00
0.8840,0.0050,-0.30
0.8860,0.0050,-0.50
0.8880,0.0040,-0.20
0.8900,0.0040,0.20
0.8920,0.0040,0.50
0.8940,0.0040,0.70
0.8960,0.0040,0.80
0.8980,0.0040,-0.10
0.9000,0.0050,-1.10
0.9020,0.0060,-1.80
0.9040,0.0060,-2.20
0.9060,0.0070,-2.50
0.9080,0.0070,-1.80
0.9100,0.0070,-1.00
0.9120,0.0080,-0.40
0.9140,0.0080,0.00
0.9160,0.0090,0.10
0.9180,0.0100,0.00
0.9200,0.0110,-0.20
0.9220,0.0120,-0.50
0.9240,0.0130,-0.60
0.9260,0.0140,-0.70
0.9280,0.0150,-0.50
0.9300,0.0160,-0.10
0.9320,0.0170,0.20
0.9340,0.0180,0.40
0.9360,0.0190,0.50
0.9380,0.0200,0.60
0.9400,0.0210,0.80
0.9420,0.0220,0.90
0.9440,0.0230,0.90
0.9460,0.0240,1.00
0.9480,0.0250,0.70
0.9500,0.0270,-0.20
0.9520,0.0280,-0.90
0.9540,0.0290,-1.40
0.9560,0.0300,-1.70
0.9580,0.0310,-1.90
0.9600,0.0320,-2.40
0.9620,0.0330,-2.70
0.9640,0.0330,-2.90
0.9660,0.0340,-3.10
0.9680,0.0340,-2.50
0.9700,0.0340,-0.50
0.9720,0.0330,0.90
0.9740,0.0330,1.80
0.9760,0.0330,2.40
0.9780,0.0330,2.50
0.9800,0.0330,2.00
0.9820,0.0330,1.50
0.9840,0.0330,1.20
0.9860,0.0320,1.00
0.9880,0.0320,0.90
0.9900,0.0320,0.70
0.9920,0.0310,0.60
0.9940,0.0310,0.50
0.9960,0.0300,0.40
0.9980,0.0290,0.40
1.0000,0.0290,-0.30
1.0020,0.0280,-0.90
1.0040,0.0270,-1.30
1.0060,0.0260,-1.50
1.0080,0.0250,-1.70
1.0100,0.0240,-1.10
1.0120,0.0220,-0.70
1.0140,0.0210,-0.40
1.0160,0.0200,-0.20
1.0180,0.0180,0.00
1.0200,0.0170,0.00
1.0220,0.0160,0.10
1.0240,0.0150,0.10
1.0260,0.0140,0.20
1.0280,0.0120,0.20
1.0300,0.0110,0.60
1.0320,0.0100,1.00
1.0340,0.0090,1.30
1.0360,0.0080,1.50
1.0380,0.0070,1.60
1.0400,0.0060,1.10
1.0420,0.0060,0.60
1.0440,0.0050,0.30
1.0460,0.0050,0.00
1.0480,0.0050,0.00
1.0500,0.0040,-0.20
1.0520,0.0040,-0.50
1.0540,0.0040,-0.70
1.0560,0.0040,-0.90
1.0580,0.0040,-0.90
1.0600,0.0040,-0.90
1.0620,0.0050,-0.70
1.0640,0.0050,-0.60
1.0660,0.0050,-0.50
1.0680,0.0060,-0.40
1.0700,0.0060,-0.10
1.0720,0.0070,0.20
1.0740,0.0070,0.60
1.0760,0.0080,0.80
1.0780,0.0090,0.90
1.0800,0.0100,1.00
1.0820,0.0110,0.90
1.0840,0.0120,0.90
1.0860,0.0140,0.90
1.0880,0.0150,0.90
1.0900,0.0160,0.90
1.0920,0.0170,1.00
1.0940,0.0190,1.10
1.0960,0.0200,1.10
1.0980,0.0210,1.20
1.1000,0.0220,1.10
1.1020,0.0240,0.80
1.1040,0.0250,0.60
1.1060,0.0260,0.50
1.1080,0.0270,0.40
1.1100,0.0280,0.30
1.1120,0.0300,-0.30
1.1140,0.0310,-0.90
1.1160,0.0320,-1.20
1.1180,0.0330,-1.50
1.1200,0.0330,-1.60
1.1220,0.0340,-1.30
1.1240,0.0340,-1.00
1.1260,0.0340,-0.80
1.1280,0.0340,-0.70
1.1300,0.0340,-0.60
1.1320,0.0340,0.10
1.1340,0.0330,0.80
1.1360,0.0320,1.20
1.1380,0.0320,1.50
1.1400,0.0310,1.70
1.1420,0.0310,1.70
1.1440,0.0300,1.80
1.1460,0.0290,1.80
1.1480,0.0280,1.80
1.1500,0.0270,1.80
1.1520,0.0260,1.20
1.1540,0.0250,0.70
1.1560,0.0240,0.30
1.1580,0.0230,0.00
1.1600,0.0220,0.00
1.1620,0.0210,-0.30
1.1640,0.0190,-0.50
1.1660,0.0180,-0.60
1.1680,0.0170,-0.70
1.1700,0.0160,-0.80
1.1720,0.0140,-0.80
1.1740,0.0130,-0.80
1.1760,0.0120,-0.80
1.1780,0.0110,-0.80
1.1800,0.0090,-0.80
1.1820,0.0080,-0.80
1.1840,0.0080,-0.80
1.1860,0.0070,-0.90
1.1880,0.0060,-0.90
1.1900,0.0050,-0.90
1.1920,0.0050,-0.60
1.1940,0.0040,-0.10
1.1960,0.0040,0.20
1.1980,0.0040,0.40
1.2000,0.0030,0.60
1.2020,0.0040,0.70
1.2040,0.0040,0.60
1.2060,0.0040,0.60
1.2080,0.0050,0.50
1.2100,0.0060,0.50
1.2120,0.0060,0.20
1.2140,0.0080,-0.60
1.2160,0.0090,-1.30
1.2180,0.0100,-1.70
1.2200,0.0120,-2.00
1.2220,0.0130,-1.90
1.2240,0.0140,-1.30
1.2260,0.0150,-0.90
1.2280,0.0160,-0.60
1.2300,0.0180,-0.40
1.2320,0.0190,-0.30
1.2340,0.0200,-0.20
1.2360,0.0220,-0.10
1.2380,0.0230,-0.10
1.2400,0.0240,0.00
1.2420,0.0260,0.00
1.2440,0.0270,-0.60
1.2460,0.0290,-1.10
1.2480,0.0300,-1.40
1.2500,0.0310,-1.70
1.2520,0.0320,-1.80
1.2540,0.0330,-1.40
1.2560,0.0330,-1.00
1.2580,0.0340,-0.80
1.2600,0.0340,-0.60
1.2620,0.0340,-0.50
1.2640,0.0340,-0.80
1.2660,0.0340,-1.00
1.2680,0.0340,-1.10
1.2700,0.0340,-1.20
1.2720,0.0340,-1.30
1.2740,0.0330,-1.40
1.2760,0.0320,-1.40
1.2780,0.0320,-1.50
1.2800,0.0310,-1.50
1.2820,0.0300,-1.50
1.2840,0.0280,-1.60
1.2860,0.0270,-1.70
1.2880,0.0260,-1.70
1.2900,0.0250,-1.80
1.2920,0.0230,-1.80
1.2940,0.0220,-1.70
1.2960,0.0200,-1.60
1.2980,0.0190,-1.50
1.3000,0.0170,-1.50
1.3020,0.0160,-1.40
1.3040,0.0140,-1.30
1.3060,0.0130,-1.00
1.3080,0.0110,-0.80
1.3100,0.0100,-0.70
1.3120,0.0090,-0.60
1.3140,0.0080,-0.80
1.3160,0.0070,-1.20
1.3180,0.0060,-1.40
1.3200,0.0060,-1.60
1.3220,0.0050,-1.70
1.3240,0.0050,-2.00
1.3260,0.0050,-2.40
1.3280,0.0050,-2.80
1.3300,0.0060,-3.00
1.3320,0.0060,-3.10
1.3340,0.0060,-3.20
1.3360,0.0070,-3.10
1.3380,0.0080,-3.10
1.3400,0.0090,-3.10
1.3420,0.0100,-3.10
1.3440,0.0110,-3.00
1.3460,0.0120,-2.60
1.3480,0.0130,-2.30
1.3500,0.0140,-2.20
1.3520,0.0160,-2.00
1.3540,0.0170,-2.10
1.3560,0.0190,-2.30
1.3580,0.0210,-2.40
1.3600,0.0220,-2.50
1.3620,0.0240,-2.60
1.3640,0.0250,-2.60
1.3660,0.0270,-3.60
1.3680,0.0290,-4.40
1.3700,0.0310,-4.90
1.3720,0.0320,-5.20
1.3740,0.0330,-5.40
1.3760,0.0340,-4.60
1.3780,0.0340,-3.90
1.3800,0.0350,-3.50
1.3820,0.0350,-3.20
1.3840,0.0360,-3.00
1.3860,0.0360,-2.70
1.3880,0.0360,-2.50
1.3900,0.0350,-2.40
1.3920,0.0350,-2.30
1.3940,0.0350,-2.20
1.3960,0.0340,-2.40
1.3980,0.0340,-2.80
1.4000,0.0330,-3.00
1.4020,0.0320,-3.20
1.4040,0.0310,-3.30
1.4060,0.0300,-3.50
1.4080,0.0280,-3.80
1.4100,0.0270,-3.90
1.4120,0.0250,-4.00
1.4140,0.0240,-4.10
1.4160,0.0220,-3.90
1.4180,0.0210,-3.80
1.4200,0.0190,-3.70
1.4220,0.0170,-3.60
1.4240,0.0160,-3.60
1.4260,0.0140,-3.20
1.4280,0.0120,-2.60
1.4300,0.0110,-2.20
1.4320,0.0100,-1.90
1.4340,0.0080,-1.80
1.4360,0.0080,-1.90
1.4380,0.0070,-2.10
1.4400,0.0070,-2.40
1.4420,0.0060,-2.50
1.4440,0.0060,-2.60
1.4460,0.0060,-2.80
1.4480,0.0060,-3.00
1.4500,0.0070,-3.20
1.4520,0.0080,-3.30
1.4540,0.0080,-3.40
1.4560,0.0090,-3.50
1.4580,0.0110,-4.00
1.4600,0.0120,-4.20
1.4620,0.0130,-4.40
1.4640,0.0150,-4.60
1.4660,0.0160,-4.60
1.4680,0.0180,-4.60
1.4700,0.0200,-4.60
1.4720,0.0210,-4.60
1.4740,0.0230,-4.50
1.4760,0.0250,-4.60
1.4780,0.0260,-4.80
1.4800,0.0280,-4.90
1.4820,0.0300,-5.00
1.4840,0.0310,-5.00
1.4860,0.0330,-5.10
1.4880,0.0330,-4.30
1.4900,0.0340,-3.50
1.4920,0.0350,-3.00
1.4940,0.0350,-2.70
1.4960,0.0360,-2.50
1.4980,0.0370,-3.30
1.5000,0.0370,-3.90
1.5020,0.0380,-4.40
1.5040,0.0370,-4.60
1.5060,0.0370,-4.80
1.5080,0.0370,-5.10
1.5100,0.0360,-5.30
1.5120,0.0350,-5.50
1.5140,0.0340,-5.60
1.5160,0.0330,-5.60
1.5180,0.0320,-5.30
1.5200,0.0300,-5.00
1.5220,0.0280,-4.70
1.5240,0.0260,-4.60
1.5260,0.0250,-4.50
1.5280,0.0230,-4.70
1.5300,0.0220,-5.00
1.5320,0.0200,-5.10
1.5340,0.0180,-5.30
1.5360,0.0170,-5.30
1.5380,0.0150,-4.90
1.5400,0.0130,-4.50
1.5420,0.0120,-4.20
1.5440,0.0110,-4.00
1.5460,0.0100,-3.90
1.5480,0.0090,-3.80
1.5500,0.0080,-3.70
1.5520,0.0080,-3.60
1.5540,0.0080,-3.60
1.5560,0.0080,-3.60
1.5580,0.0080,-4.00
1.5600,0.0090,-4.70
1.5620,0.0100,-5.30
1.5640,0.0110,-5.60
1.5660,0.0120,-5.80
1.5680,0.0140,-6.00
1.5700,0.0150,-6.20
1.5720,0.0170,-6.40
1.5740,0.0180,-6.40
1.5760,0.0200,-6.50
1.5780,0.0220,-6.50
1.5800,0.0240,-6.30
1.5820,0.0250,-6.10
1.5840,0.0270,-6.00
1.5860,0.0290,-5.90
1.5880,0.0300,-5.70
1.5900,0.0320,-5.10
1.5920,0.0330,-4.70
1.5940,0.0340,-4.50
1.5960,0.0350,-4.30
1.5980,0.0360,-4.30
1.6000,0.0370,-4.40
1.6020,0.0380,-4.50
1.6040,0.0380,-4.50
1.6060,0.0390,-4.60
1.6080,0.0390,-4.60
1.6100,0.0390,-4.70
1.6120,0.0380,-4.80
1.6140,0.0380,-4.90
1.6160,0.0370,-4.90
1.6180,0.0360,-4.90
1.6200,0.0340,-4.90
1.6220,0.0330,-4.80
1.6240,0.0310,-4.80
1.6260,0.0300,-4.70
1.6280,0.0280,-4.70
1.6300,0.0260,-5.30
1.6320,0.0250,-5.80
1.6340,0.0230,-6.10
1.6360,0.0210,-6.30
1.6380,0.0200,-6.40
1.6400,0.0180,-6.20
1.6420,0.0160,-5.90
1.6440,0.0150,-5.70
1.6460,0.0130,-5.60
1.6480,0.0120,-5.50
1.6500,0.0110,-5.30
1.6520,0.0100,-4.90
1.6540,0.0090,-4.70
1.6560,0.0090,-4.50
1.6580,0.0090,-4.40
1.6600,0.0090,-4.40
1.6620,0.0100,-4.40
1.6640,0.0100,-4.40
1.6660,0.0110,-4.40
1.6680,0.0120,-4.30
1.6700,0.0140,-4.50
1.6720,0.0160,-5.10
1.6740,0.0170,-5.40
1.6760,0.0190,-5.70
1.6780,0.0210,-5.80
1.6800,0.0230,-6.20
1.6820,0.0260,-6.90
1.6840,0.0280,-7.30
1.6860,0.0300,-7.60
1.6880,0.0320,-7.80
1.6900,0.0330,-7.70
1.6920,0.0350,-7.50
1.6940,0.0360,-7.30
1.6960,0.0380,-7.10
1.6980,0.0390,-7.10
1.7000,0.0390,-6.60
1.7020,0.0400,-5.90
1.7040,0.0400,-5.40
1.7060,0.0400,-5.00
1.7080,0.0390,-4.80
1.7100,0.0390,-4.90
1.7120,0.0380,-5.20
1.7140,0.0380,-5.50
1.7160,0.0370,-5.70
1.7180,0.0360,-5.80
1.7200,0.0340,-5.80
1.7220,0.0330,-5.40
1.7240,0.0310,-5.10
1.7260,0.0290,-4.90
1.7280,0.0270,-4.70
1.7300,0.0250,-4.70
1.7320,0.0240,-4.60
1.7340,0.0220,-4.60
1.7360,0.0200,-4.60
1.7380,0.0190,-4.60
1.7400,0.0170,-4.50
1.7420,0.0160,-3.90
1.7440,0.0140,-3.30
1.7460,0.0130,-2.90
1.7480,0.0130,-2.60
1.7500,0.0120,-2.40
1.7520,0.0120,-2.90
1.7540,0.0120,-3.30
1.7560,0.0120,-3.50
1.7580,0.0130,-3.70
1.7600,0.0140,-3.80
1.7620,0.0150,-4.70
1.7640,0.0160,-5.50
1.7660,0.0180,-6.00
1.7680,0.0190,-6.30
1.7700,0.0210,-6.50
1.7720,0.0220,-6.50
1.7740,0.0230,-6.40
1.7760,0.0250,-6.30
1.7780,0.0260,-6.30
1.7800,0.0280,-6.30
1.7820,0.0290,-5.90
1.7840,0.0300,-5.50
1.7860,0.0320,-5.30
1.7880,0.0330,-5.10
1.7900,0.0330,-5.00
1.7920,0.0340,-4.70
1.7940,0.0350,-4.40
1.7960,0.0350,-4.20
1.7980,0.0350,-4.10
1.8000,0.0350,-4.00
1.8020,0.0350,-3.80
1.8040,0.0350,-3.60
1.8060,0.0340,-3.40
1.8080,0.0330,-3.30
1.8100,0.0320,-3.20
1.8120,0.0310,-3.00
1.8140,0.0300,-2.50
1.8160,0.0290,-2.30
1.8180,0.0280,-2.10
1.8200,0.0270,-2.00
1.8220,0.0260,-2.40
1.8240,0.0250,-3.20
1.8260,0.0240,-3.80
1.8280,0.0230,-4.10
1.8300,0.0220,-4.40
1.8320,0.0210,-4.50
1.8340,0.0200,-4.80
1.8360,0.0200,-4.90
1.8380,0.0190,-5.10
1.8400,0.0190,-5.10
1.8420,0.0190,-5.00
1.8440,0.0180,-4.70
1.8460,0.0180,-4.40
1.8480,0.0180,-4.20
1.8500,0.0180,-4.10
1.8520,0.0190,-3.80
1.8540,0.0190,-3.10
1.8560,0.0190,-2.50
1.8580,0.0200,-2.10
1.8600,0.0210,-1.80
1.8620,0.0210,-1.70
1.8640,0.0220,-2.10
1.8660,0.0240,-2.40
1.8680,0.0250,-2.70
1.8700,0.0260,-2.80
1.8720,0.0270,-2.90
1.8740,0.0270,-3.00
1.8760,0.0280,-3.10
1.8780,0.0290,-3.20
1.8800,0.0300,-3.20
1.8820,0.0300,-3.30
1.8840,0.0300,-3.00
1.8860,0.0300,-2.80
1.8880,0.0300,-2.70
1.8900,0.0300,-2.70
1.8920,0.0300,-2.60
1.8940,0.0300,-2.40
1.8960,0.0290,-2.20
1.8980,0.0290,-2.10
1.9000,0.0280,-2.00
1.9020,0.0280,-2.00
1.9040,0.0270,-2.00
1.9060,0.0270,-2.10
1.9080,0.0260,-2.10
1.9100,0.0250,-2.20
1.9120,0.0250,-2.20
1.9140,0.0240,-2.10
1.9160,0.0240,-1.90
1.9180,0.0230,-1.90
1.9200,0.0230,-1.80
1.9220,0.0220,-1.80
1.9240,0.0220,-1.90
1.9260,0.0220,-2.30
1.9280,0.0220,-2.50
1.9300,0.0220,-2.70
1.9320,0.0220,-2.80
1.9340,0.0220,-2.80
1.9360,0.0220,-2.60
1.9380,0.0220,-2.50
1.9400,0.0220,-2.40
1.9420,0.0230,-2.40
1.9440,0.0230,-2.40
1.9460,0.0230,-2.40
1.9480,0.0240,-2.40
1.9500,0.0240,-2.40
1.9520,0.0240,-2.40
1.9540,0.0250,-2.30
1.9560,0.0250,-1.80
1.9580,0.0250,-1.50
1.9600,0.0250,-1.30
1.9620,0.0250,-1.20
1.9640,0.0250,-1.20
1.9660,0.0260,-1.60
1.9680,0.0260,-1.90
1.9700,0.0260,-2.10
1.9720,0.0260,-2.20
1.9740,0.0260,-2.20
1.9760,0.0260,-2.10
1.9780,0.0260,-2.00
1.9800,0.0260,-1.90
1.9820,0.0260,-1.90
1.9840,0.0260,-1.80
1.9860,0.0250,-1.60
1.9880,0.0250,-1.50
1.9900,0.0250,-1.40
1.9920,0.0250,-1.30
1.9940,0.0250,-1.20
1.9960,0.0250,-1.30
