t,u,omega_radps
3.814697265625e-06,1.0,-4.328782558441162
0.010127067565917969,1.0,11.805011749267578
0.020320892333984375,-1.0,-0.43946218490600586
0.030501127243041992,1.0,-0.43946218490600586
0.040635108947753906,1.0,-11.142168998718262
0.050724029541015625,1.0,7.907372951507568
0.06081724166870117,1.0,7.907372951507568
0.07092642784118652,-1.0,8.541817665100098
0.08102774620056152,-1.0,8.541817665100098
0.0911400318145752,1.0,-13.492084503173828
0.10128903388977051,1.0,-4.305531978607178
0.11138701438903809,-0.4859022796154022,-4.305531978607178
0.12148785591125488,-0.4859022796154022,13.805554389953613
0.131547212600708,-1.0,-4.5714311599731445
0.14164090156555176,-1.0,-4.5714311599731445
0.1517467498779297,1.0,-11.698508262634277
0.16187453269958496,1.0,-11.698508262634277
0.172027587890625,-1.0,12.202167510986328
0.18215131759643555,-1.0,5.325035095214844
0.19226527214050293,-0.08310216665267944,5.325035095214844
0.20239019393920898,-0.08310216665267944,-13.94837474822998
0.21256351470947266,1.0,5.7704997062683105
0.22269392013549805,1.0,5.7704997062683105
0.2328333854675293,-1.0,9.132505416870117
0.2429797649383545,-1.0,-13.305556297302246
0.2531168460845947,1.0,-13.305556297302246
0.26326441764831543,1.0,3.034644365310669
0.273406982421875,-1.0,3.034644365310669
0.2835564613342285,-1.0,10.140092849731445
0.2936580181121826,0.19172482192516327,-14.515477180480957
0.3040745258331299,0.19172482192516327,-14.515477180480957
0.31422853469848633,1.0,2.325651168823242
0.3243575096130371,1.0,14.002243995666504
0.3344888687133789,-1.0,14.002243995666504
0.3445601463317871,-1.0,-15.595926284790039
0.3546888828277588,1.0,-15.595926284790039
0.36481451988220215,1.0,-1.56392502784729
0.3749396800994873,-1.0,19.608591079711914
0.3851025104522705,-1.0,19.608591079711914
0.3952186107635498,-0.3335009217262268,-13.706557273864746
0.4053211212158203,-0.3335009217262268,-8.399600982666016
0.4154222011566162,1.0,-8.399600982666016
0.4255499839782715,1.0,23.396427154541016
0.4356694221496582,-1.0,-9.361543655395508
0.4457857608795166,-1.0,-9.361543655395508
0.45589256286621094,1.0,-15.57494831085205
0.46611499786376953,1.0,-15.57494831085205
0.47631263732910156,-1.0,22.994585037231445
0.486469030380249,-1.0,-5.672091007232666
0.4965476989746094,1.0,-5.672091007232666
0.5066530704498291,1.0,-19.80438804626465
0.5167815685272217,1.0,24.18273162841797
0.5269310474395752,1.0,24.18273162841797
0.5370674133300781,-1.0,-1.2050894498825073
0.5472085475921631,-1.0,-21.70216178894043
0.557340145111084,1.0,-21.70216178894043
0.5674660205841064,1.0,22.87289047241211
0.5776243209838867,-1.0,22.87289047241211
0.5877513885498047,-1.0,-3.7295048236846924
0.5978834629058838,1.0,-20.93401527404785
0.6079995632171631,1.0,-20.93401527404785
0.618088960647583,-1.0,26.966535568237305
0.6281929016113281,-1.0,-7.313896656036377
0.6383116245269775,-1.0,-7.313896656036377
0.6484217643737793,-1.0,-21.314266204833984
0.6587305068969727,1.0,-21.314266204833984
0.668891191482544,1.0,28.54385757446289
0.6790156364440918,-1.0,-14.571640968322754
0.6891531944274902,-1.0,-14.571640968322754
0.6992843151092529,1.0,-15.466412544250488
0.7094564437866211,1.0,32.19655990600586
0.7195549011230469,-1.0,32.19655990600586
0.7297165393829346,-1.0,-24.35066032409668
0.7398457527160645,1.0,-24.35066032409668
0.7499532699584961,1.0,-6.601334571838379
0.7600574493408203,-1.0,30.47939109802246
0.7701504230499268,-1.0,30.47939109802246
0.78025221824646,0.6473959684371948,-30.879793167114258
0.790391206741333,0.6473959684371948,12.024351119995117
0.8005940914154053,1.0,12.024351119995117
0.8106989860534668,1.0,18.682756423950195
0.8208065032958984,-1.0,-38.256141662597656
0.8309187889099121,-1.0,-38.256141662597656
0.8410382270812988,1.0,28.187061309814453
0.8511371612548828,1.0,28.187061309814453
0.8612411022186279,-1.0,-0.3319365978240967
0.8713517189025879,-1.0,-27.304773330688477
0.881460428237915,1.0,-27.304773330688477
0.8915588855743408,1.0,38.64568328857422
0.9017438888549805,-1.0,-27.621421813964844
0.911909818649292,-1.0,-27.621421813964844
0.9220497608184814,1.0,-0.8045070171356201
0.9321911334991455,1.0,26.495534896850586
0.9425168037414551,-1.0,26.495534896850586
0.9527156352996826,-1.0,-39.35472869873047
0.9628429412841797,1.0,-39.35472869873047
0.9729526042938232,1.0,31.668903350830078
0.9831106662750244,-1.0,-9.901487350463867
0.9933111667633057,-1.0,-9.901487350463867
1.003431797027588,1.0,-17.1656494140625
1.0135715007781982,1.0,36.99018859863281
1.023698091506958,-1.0,36.99018859863281
1.0338218212127686,-1.0,-41.83680725097656
1.043929100036621,1.0,-41.83680725097656
1.0540385246276855,1.0,28.961467742919922
1.0641677379608154,-1.0,-3.767035484313965
1.074291706085205,-1.0,-3.767035484313965
1.084399700164795,1.0,-22.81148910522461
1.0945005416870117,1.0,41.160682678222656
1.1047239303588867,-1.0,41.160682678222656
1.114927053451538,-1.0,-46.3040885925293
1.125068187713623,1.0,33.57850646972656
1.1351866722106934,1.0,33.57850646972656
1.145326852798462,-1.0,-11.990119934082031
1.1554820537567139,1.0,-11.990119934082031
1.165572166442871,1.0,-13.544412612915039
1.1757090091705322,1.0,34.47370910644531
1.1858243942260742,-1.0,34.47370910644531
1.195976734161377,1.0,-44.57814025878906
1.2061846256256104,1.0,-44.57814025878906
1.2163043022155762,1.0,46.34731674194336
1.2264041900634766,-1.0,-34.581295013427734
1.2365076541900635,1.0,-34.581295013427734
1.246636152267456,1.0,18.354230880737305
1.2567338943481445,1.0,2.9880456924438477
1.2668476104736328,-1.0,2.9880456924438477
1.276972770690918,-1.0,-22.682708740234375
1.2870845794677734,1.0,36.47821044921875
1.2973990440368652,-1.0,36.47821044921875
1.307572603225708,-1.0,-48.15484619140625
1.3177094459533691,1.0,47.752349853515625
1.3278074264526367,1.0,47.752349853515625
1.33790922164917,1.0,-45.04702377319336
1.348029375076294,1.0,-45.04702377319336
1.3581624031066895,-1.0,34.06245803833008
1.368269443511963,-1.0,-18.97826385498047
1.3783714771270752,1.0,-18.97826385498047
1.3884632587432861,1.0,1.556718111038208
1.3985652923583984,-1.0,16.973779678344727
1.4086811542510986,-1.0,16.973779678344727
1.4187865257263184,1.0,-30.061796188354492
1.4289002418518066,1.0,-30.061796188354492
1.4390146732330322,-1.0,44.24773025512695
1.4491567611694336,-1.0,-51.58244323730469
1.4593079090118408,1.0,-51.58244323730469
1.4694468975067139,1.0,56.98348617553711
1.4795494079589844,-1.0,-58.52878189086914
1.4896478652954102,-1.0,-58.52878189086914
1.4997467994689941,-1.0,54.79475021362305
1.5098836421966553,-1.0,-48.96367263793945
1.5199942588806152,1.0,-48.96367263793945
1.530106782913208,1.0,41.302860260009766
1.540759801864624,-1.0,41.302860260009766
1.550926923751831,-1.0,-29.745838165283203
1.5610601902008057,1.0,19.20920181274414
1.5712108612060547,1.0,19.20920181274414
1.5816831588745117,-1.0,-7.213793754577637
1.5918474197387695,-1.0,-4.61116886138916
1.6019761562347412,1.0,-4.61116886138916
1.6121108531951904,1.0,14.446281433105469
1.6222615242004395,1.0,-23.929244995117188
1.6323797702789307,1.0,-23.929244995117188
1.6425058841705322,-1.0,33.2088623046875
1.6526365280151367,-1.0,33.2088623046875
1.662785530090332,1.0,-39.25001525878906
1.6729185581207275,1.0,46.910980224609375
1.6830568313598633,-1.0,46.910980224609375
1.6931746006011963,-1.0,-50.783485412597656
1.7032999992370605,1.0,55.06871795654297
1.7134637832641602,1.0,55.06871795654297
1.723550796508789,1.0,-57.41343688964844
1.733658790588379,1.0,-57.41343688964844
1.7437798976898193,-1.0,58.70633316040039
1.7538983821868896,-1.0,-58.98582458496094
1.7640113830566406,1.0,-58.98582458496094
1.7741835117340088,1.0,61.572509765625
1.784315824508667,-1.0,-59.34843826293945
1.7944200038909912,-1.0,-59.34843826293945
1.8045363426208496,-1.0,61.55821228027344
1.814636468887329,-1.0,-60.42604446411133
1.8247385025024414,1.0,-60.42604446411133
1.8348453044891357,1.0,57.32733917236328
1.8449559211730957,-1.0,57.32733917236328
1.8550524711608887,-1.0,-54.87038040161133
1.8651905059814453,1.0,51.63920211791992
1.875356912612915,1.0,51.63920211791992
1.885481834411621,1.0,-47.08815002441406
1.8956146240234375,1.0,40.95579147338867
1.9057362079620361,-1.0,40.95579147338867
1.9158704280853271,-1.0,-34.754241943359375
1.9259729385375977,1.0,-34.754241943359375
1.936086654663086,1.0,24.718982696533203
1.9462151527404785,1.0,-16.053014755249023
1.9563283920288086,1.0,-16.053014755249023
1.9664363861083984,-1.0,3.937483787536621
1.9765853881835938,-1.0,10.764180183410645
1.986717700958252,1.0,10.764180183410645
1.996821403503418,1.0,-24.788558959960938
2.0069265365600586,1.0,36.88912582397461
2.0170223712921143,1.0,36.88912582397461
2.0271236896514893,-1.0,-49.97918701171875
2.037238597869873,-1.0,-49.97918701171875
2.0473480224609375,1.0,60.96851348876953
2.057575225830078,1.0,-69.91931915283203
2.067715644836426,1.0,-69.91931915283203
2.0778377056121826,1.0,71.88690948486328
2.0879461765289307,-1.0,-69.47103118896484
2.0980725288391113,-1.0,-69.47103118896484
2.1081981658935547,1.0,62.531803131103516
2.118314743041992,1.0,62.531803131103516
2.128434419631958,1.0,-48.35447692871094
2.1385762691497803,1.0,27.29730987548828
2.148709297180176,-1.0,27.29730987548828
2.1587822437286377,-1.0,-1.9273194074630737
2.168895959854126,1.0,-23.921077728271484
2.179037570953369,1.0,-23.921077728271484
2.1892354488372803,1.0,47.46242904663086
2.199392318725586,1.0,-65.21694946289062
2.2095205783843994,-1.0,-65.21694946289062
2.2196717262268066,-1.0,72.09913635253906
2.2297911643981934,-1.0,72.09913635253906
2.2399168014526367,-1.0,-67.81570434570312
2.2500317096710205,1.0,52.59383773803711
2.260157346725464,1.0,52.59383773803711
2.270273208618164,1.0,-23.717281341552734
2.280377149581909,-1.0,-8.541597366333008
2.2906641960144043,-1.0,-8.541597366333008
2.3008127212524414,-1.0,41.54473876953125
2.310960531234741,1.0,41.54473876953125
2.3210766315460205,1.0,-63.070953369140625
2.331218719482422,1.0,73.05686950683594
2.3413736820220947,-1.0,73.05686950683594
2.351541519165039,-1.0,-62.23240661621094
2.3616669178009033,-1.0,35.58002853393555
2.3717832565307617,-1.0,35.58002853393555
2.3819055557250977,1.0,4.18446683883667
2.3920576572418213,1.0,-42.235801696777344
2.4021854400634766,1.0,-42.235801696777344
2.4122965335845947,1.0,67.8082275390625
2.4224038124084473,-1.0,67.8082275390625
2.4325356483459473,-1.0,-70.84848022460938
2.4426398277282715,-1.0,51.18187713623047
2.4527480602264404,-1.0,51.18187713623047
2.462921142578125,1.0,-11.999438285827637
2.473149538040161,1.0,-34.35873031616211
2.483271360397339,1.0,-34.35873031616211
2.4933884143829346,1.0,65.95453643798828
2.503544330596924,1.0,-68.24134826660156
2.5136985778808594,-1.0,-68.24134826660156
2.523798942565918,-1.0,43.28614044189453
2.533923387527466,-1.0,43.28614044189453
2.544050455093384,-1.0,4.607561111450195
2.5541534423828125,-1.0,-50.432090759277344
2.5642800331115723,1.0,-50.432090759277344
2.5744166374206543,1.0,70.97103118896484
2.584552764892578,1.0,-57.69465255737305
2.594681978225708,1.0,-57.69465255737305
2.6047909259796143,-1.0,12.204036712646484
2.614903211593628,-1.0,12.204036712646484
2.6250405311584473,-1.0,41.30449676513672
2.6352055072784424,-1.0,-70.14429473876953
2.645326614379883,1.0,-70.14429473876953
2.6554248332977295,1.0,61.845699310302734
2.665539026260376,1.0,-15.646285057067871
2.6756651401519775,1.0,-15.646285057067871
2.6857705116271973,-1.0,-42.7255744934082
2.6958680152893066,-1.0,71.15144348144531
2.7059969902038574,-1.0,71.15144348144531
2.71612286567688,-1.0,-55.55966567993164
2.726226568222046,-1.0,-55.55966567993164
2.7363367080688477,-1.0,1.2174184322357178
2.746511220932007,1.0,56.46343994140625
2.756690263748169,1.0,56.46343994140625
2.7667999267578125,1.0,-69.75493621826172
2.7769076824188232,1.0,34.46843719482422
2.7870075702667236,-1.0,34.46843719482422
2.7971091270446777,-1.0,31.95848846435547
2.8072290420532227,-1.0,31.95848846435547
2.817366600036621,-1.0,-70.1248550415039
2.8275034427642822,-1.0,56.14064025878906
2.837636947631836,-1.0,56.14064025878906
2.847747802734375,1.0,6.423089981079102
2.8578567504882812,1.0,-63.3138427734375
2.867973566055298,1.0,-63.3138427734375
2.8780930042266846,1.0,65.5319595336914
2.8882133960723877,-1.0,-7.69760799407959
2.898315191268921,-1.0,-7.69760799407959
2.908426523208618,-1.0,-57.081787109375
2.9185450077056885,-1.0,-57.081787109375
2.9286677837371826,-1.0,68.02340698242188
2.9387922286987305,-1.0,-12.71853256225586
2.9489080905914307,-1.0,-12.71853256225586
2.9590396881103516,-1.0,-55.954345703125
2.9691638946533203,1.0,67.68621826171875
2.979295253753662,1.0,67.68621826171875
2.9894254207611084,1.0,-9.295144081115723
2.999541997909546,1.0,-59.510902404785156
3.0096652507781982,1.0,-59.510902404785156
3.0198309421539307,1.0,64.69091033935547
3.030010938644409,-1.0,64.69091033935547
3.040144920349121,-1.0,0.34607648849487305
3.0502731800079346,-1.0,-64.86213684082031
3.0604050159454346,-1.0,-64.86213684082031
3.0705344676971436,-1.0,56.463096618652344
3.080652952194214,-1.0,19.500930786132812
3.0907785892486572,1.0,19.500930786132812
3.1009130477905273,1.0,-72.8326187133789
3.111034631729126,1.0,-72.8326187133789
3.12115740776062,1.0,39.0439567565918
3.1312835216522217,1.0,41.00859069824219
3.1414051055908203,1.0,41.00859069824219
3.1514949798583984,-1.0,-70.42721557617188
3.1616342067718506,-1.0,8.26118278503418
3.1717426776885986,-1.0,8.26118278503418
3.1818687915802,-1.0,65.85602569580078
3.1919779777526855,-1.0,-51.7495002746582
3.2020719051361084,-1.0,-51.7495002746582
3.212185859680176,-1.0,-31.61322021484375
3.2223241329193115,-1.0,-31.61322021484375
3.23248028755188,1.0,72.29691314697266
3.242616653442383,1.0,-12.504136085510254
3.252711057662964,1.0,-12.504136085510254
3.262808084487915,1.0,-66.23480224609375
3.2729103565216064,1.0,48.011104583740234
3.283015251159668,1.0,48.011104583740234
3.29308819770813,1.0,41.26164627075195
3.303177833557129,1.0,41.26164627075195
3.313270330429077,-1.0,-68.25434875488281
3.323369026184082,-1.0,-7.8751678466796875
3.333470106124878,-1.0,-7.8751678466796875
3.3436079025268555,-1.0,71.71471405029297
3.3538129329681396,-1.0,-24.892391204833984
3.363931655883789,-1.0,-24.892391204833984
3.374037504196167,-1.0,-60.939971923828125
3.384145498275757,-1.0,48.99846267700195
3.3942766189575195,-1.0,48.99846267700195
3.4044244289398193,-1.0,43.41192626953125
3.41456937789917,1.0,43.41192626953125
3.424694538116455,1.0,-65.54281616210938
3.434816837310791,1.0,-20.58196258544922
3.445143222808838,1.0,-20.58196258544922
3.4552552700042725,1.0,72.32473754882812
3.4653708934783936,1.0,-0.06492400169372559
3.475482940673828,1.0,-0.06492400169372559
3.4855480194091797,1.0,-71.70891571044922
3.4956560134887695,1.0,18.60715103149414
3.5057907104492188,1.0,18.60715103149414
3.5159504413604736,-1.0,68.46460723876953
3.5260653495788574,-1.0,68.46460723876953
3.5361952781677246,-1.0,-32.19049072265625
3.5463125705718994,-1.0,-63.06170654296875
3.5564281940460205,-1.0,-63.06170654296875
3.566540002822876,-1.0,40.1719970703125
3.5766780376434326,-1.0,58.00247573852539
3.586790084838867,-1.0,58.00247573852539
3.596903085708618,-1.0,-47.377376556396484
3.6070573329925537,-1.0,-54.18199157714844
3.6180057525634766,-1.0,-54.18199157714844
3.6281955242156982,-1.0,48.27861404418945
3.6383004188537598,-1.0,48.27861404418945
3.6484084129333496,1.0,52.27398681640625
3.6585662364959717,1.0,-48.45396423339844
3.6687264442443848,1.0,-48.45396423339844
3.678849935531616,1.0,-53.17356872558594
3.6889731884002686,1.0,46.787574768066406
3.699108123779297,1.0,46.787574768066406
3.7092363834381104,1.0,55.38176345825195
3.7193500995635986,1.0,55.38176345825195
3.7294750213623047,1.0,-43.44525146484375
3.73964786529541,1.0,-59.97980880737305
3.749763011932373,1.0,-59.97980880737305
3.759876251220703,1.0,39.13780212402344
3.769989252090454,1.0,65.33321380615234
3.7800955772399902,1.0,65.33321380615234
3.7901968955993652,1.0,-28.910470962524414
3.800337791442871,1.0,-69.09870147705078
3.810438871383667,1.0,-69.09870147705078
3.8205838203430176,1.0,16.537431716918945
3.830775499343872,1.0,16.537431716918945
3.840916395187378,1.0,72.04700469970703
3.851030111312866,1.0,-0.47599053382873535
3.8611373901367188,1.0,-0.47599053382873535
3.8712687492370605,-1.0,-71.78588104248047
3.8814032077789307,-1.0,-20.095733642578125
3.8915133476257324,-1.0,-20.095733642578125
3.9017114639282227,-1.0,67.15193176269531
3.911829948425293,-1.0,39.5924072265625
3.9219717979431152,-1.0,39.5924072265625
3.9321136474609375,-1.0,-54.328125
3.9422521591186523,-1.0,-54.328125
3.9523985385894775,-1.0,-56.135498046875
3.962515115737915,-1.0,35.102718353271484
3.9727044105529785,-1.0,35.102718353271484
3.982820749282837,-1.0,69.0528793334961
3.9929473400115967,-1.0,-9.476253509521484
4.00306510925293,-1.0,-9.476253509521484
4.0131916999816895,-1.0,-73.38396453857422
4.02330207824707,-1.0,-73.38396453857422
4.033424615859985,-1.0,-21.391752243041992
4.043553590774536,-1.0,63.79386520385742
4.0536651611328125,-1.0,63.79386520385742
4.063780784606934,-1.0,48.75968933105469
4.073903799057007,-1.0,-39.67768859863281
4.084030389785767,-1.0,-39.67768859863281
4.094144582748413,-1.0,-67.84591674804688
4.1042304039001465,-1.0,-67.84591674804688
4.114323377609253,-1.0,4.65048885345459
4.124419450759888,-1.0,72.14273834228516
4.134519815444946,-1.0,72.14273834228516
4.144693374633789,-1.0,33.0301513671875
4.1548943519592285,-1.0,-53.89326095581055
4.165035247802734,-1.0,-53.89326095581055
4.175199031829834,-1.0,-62.61954116821289
4.18536376953125,-1.0,16.954626083374023
4.195546865463257,-1.0,16.954626083374023
4.20567774772644,-1.0,71.1867904663086
4.215780735015869,-1.0,71.1867904663086
4.225875616073608,-1.0,30.22902488708496
4.235980033874512,-1.0,-52.83833694458008
4.246092796325684,-1.0,-52.83833694458008
4.257680416107178,-1.0,-66.61100006103516
4.26781964302063,-1.0,6.7083940505981445
4.277951240539551,-1.0,6.7083940505981445
4.288049697875977,-1.0,69.33968353271484
4.298206090927124,-1.0,41.0283203125
4.308380842208862,-1.0,41.0283203125
4.318487167358398,-1.0,-40.92706298828125
4.328554630279541,-1.0,-40.92706298828125
4.338662147521973,-1.0,-71.07856750488281
4.34878396987915,-1.0,-12.477956771850586
4.358904600143433,-1.0,-12.477956771850586
4.369012832641602,-1.0,60.40534210205078
4.379105806350708,-1.0,58.839298248291016
4.389238595962524,-1.0,58.839298248291016
4.399347543716431,-1.0,-13.290342330932617
4.409447908401489,-1.0,-70.08605194091797
4.419562816619873,-1.0,-70.08605194091797
4.429675340652466,-1.0,-45.78007507324219
4.439796686172485,-1.0,-45.78007507324219
4.449931859970093,-1.0,31.962095260620117
4.460065126419067,1.0,71.83379364013672
4.470210075378418,1.0,71.83379364013672
4.480338096618652,1.0,32.21117401123047
4.490481615066528,1.0,-44.20138931274414
4.500676870346069,1.0,-44.20138931274414
4.510878324508667,1.0,-71.93448638916016
4.5210654735565186,1.0,-71.93448638916016
4.531206369400024,1.0,-22.6025333404541
4.541334390640259,1.0,50.35999298095703
4.551450252532959,1.0,50.35999298095703
4.56156325340271,1.0,68.65658569335938
4.571700811386108,1.0,15.468247413635254
4.58184289932251,1.0,15.468247413635254
4.591980695724487,1.0,-53.532569885253906
4.602115154266357,1.0,-68.26571655273438
4.612256765365601,1.0,-68.26571655273438
4.622385501861572,1.0,-12.943662643432617
4.632504940032959,1.0,-12.943662643432617
4.642625570297241,1.0,53.893497467041016
4.652742147445679,1.0,68.22403717041016
4.6628453731536865,1.0,68.22403717041016
4.67295241355896,1.0,15.640059471130371
4.683057546615601,-1.0,-54.07571792602539
4.693159341812134,-1.0,-54.07571792602539
4.703275203704834,-1.0,-70.36410522460938
4.7134058475494385,-1.0,-70.36410522460938
4.723515033721924,-1.0,-22.293888092041016
4.733716249465942,-1.0,46.642818450927734
4.743933439254761,-1.0,46.642818450927734
4.754062175750732,-1.0,70.76229858398438
4.764182806015015,-1.0,32.54896545410156
4.7743000984191895,-1.0,32.54896545410156
4.784414529800415,-1.0,-36.65782928466797
4.794518709182739,-1.0,-72.72603607177734
4.804630517959595,-1.0,-72.72603607177734
4.814749717712402,-1.0,-46.42349624633789
4.824888229370117,-1.0,-46.42349624633789
4.834999322891235,-1.0,21.198001861572266
4.8451550006866455,-1.0,69.15843963623047
4.855253219604492,-1.0,69.15843963623047
4.8653624057769775,-1.0,58.389041900634766
4.8754754066467285,1.0,58.389041900634766
4.8855507373809814,1.0,-1.290802240371704
4.895668029785156,1.0,-59.69923782348633
4.905789613723755,1.0,-59.69923782348633
4.91591215133667,1.0,-67.40190124511719
4.926031827926636,1.0,-21.740907669067383
4.937906265258789,1.0,-21.740907669067383
4.948078393936157,1.0,42.725765228271484
4.958196640014648,1.0,72.0897216796875
4.968311548233032,1.0,72.0897216796875
4.978455543518066,1.0,46.71492385864258
4.988641023635864,1.0,-14.620463371276855
4.9987568855285645,1.0,-14.620463371276855
5.008876800537109,1.0,-62.93638229370117
5.018994092941284,-1.0,-65.41903686523438
5.029106140136719,-1.0,-65.41903686523438
5.039235353469849,-1.0,-22.533061981201172
5.049368143081665,-1.0,-22.533061981201172
5.059499502182007,-1.0,39.054969787597656
5.069650888442993,-1.0,71.6662368774414
5.07975697517395,-1.0,71.6662368774414
5.0898823738098145,-1.0,55.41102600097656
5.1000025272369385,-1.0,1.1703159809112549
5.110114812850952,-1.0,1.1703159809112549
5.120222091674805,-1.0,-53.019187927246094
5.130326509475708,-1.0,-53.019187927246094
5.140501499176025,1.0,-73.12015533447266
5.151365756988525,1.0,-43.736488342285156
5.161551475524902,1.0,-43.736488342285156
5.17168402671814,1.0,13.716309547424316
5.181801080703735,1.0,13.716309547424316
5.1919264793396,1.0,61.569236755371094
5.202059984207153,1.0,70.33285522460938
5.212152719497681,1.0,70.33285522460938
5.222344398498535,1.0,35.449554443359375
5.232458591461182,1.0,-21.179529190063477
5.242547273635864,-1.0,-21.179529190063477
5.252653121948242,-1.0,-64.16206359863281
5.262798070907593,-1.0,-69.7559814453125
5.27295994758606,-1.0,-69.7559814453125
5.283090829849243,-1.0,-35.50748062133789
5.29322075843811,-1.0,-35.50748062133789
5.30334734916687,-1.0,19.948366165161133
5.313481092453003,-1.0,62.94059753417969
5.32363224029541,-1.0,62.94059753417969
5.333766460418701,-1.0,70.09194946289062
5.343883037567139,-1.0,37.724037170410156
5.354006290435791,-1.0,37.724037170410156
5.36411714553833,1.0,-13.443133354187012
5.374237775802612,1.0,-13.443133354187012
5.38439416885376,1.0,-58.73625946044922
5.394538879394531,1.0,-72.24407958984375
5.404662609100342,1.0,-72.24407958984375
5.414828538894653,1.0,-48.41496276855469
5.425009250640869,1.0,0.15749359130859375
5.435131788253784,1.0,0.15749359130859375
5.445262670516968,-1.0,49.99083709716797
5.455379486083984,-1.0,49.99083709716797
5.465503215789795,-1.0,70.98385620117188
5.475675344467163,-1.0,58.019248962402344
5.485795021057129,-1.0,58.019248962402344
5.495901823043823,-1.0,15.422782897949219
5.506037712097168,-1.0,-33.590675354003906
5.516175031661987,-1.0,-33.590675354003906
5.526287078857422,-1.0,-67.40209197998047
5.5364298820495605,-1.0,-68.27796936035156
5.5467047691345215,1.0,-68.27796936035156
5.5568318367004395,1.0,-36.8446044921875
5.566940069198608,1.0,11.98733901977539
5.577115535736084,1.0,11.98733901977539
5.587283134460449,1.0,53.97392654418945
5.597407579421997,1.0,53.97392654418945
5.607545375823975,1.0,71.24653625488281
5.617673397064209,1.0,58.466285705566406
5.627802610397339,-1.0,58.466285705566406
5.637923240661621,-1.0,20.942167282104492
5.648031711578369,-1.0,-25.501340866088867
5.658139228820801,-1.0,-25.501340866088867
5.668246507644653,-1.0,-60.87257385253906
5.67836856842041,-1.0,-60.87257385253906
5.688469886779785,-1.0,-72.2919692993164
5.698575019836426,-1.0,-51.41647720336914
5.708703994750977,1.0,-51.41647720336914
5.718800783157349,1.0,-10.369038581848145
5.728924036026001,1.0,35.82099533081055
5.739043474197388,1.0,35.82099533081055
5.749159097671509,1.0,66.52346801757812
5.759268522262573,1.0,70.43757629394531
5.769387245178223,1.0,70.43757629394531
5.779504299163818,1.0,47.69820022583008
5.789630651473999,-1.0,47.69820022583008
5.79979133605957,-1.0,6.18701171875
5.80992865562439,-1.0,-37.022865295410156
5.820077896118164,-1.0,-37.022865295410156
5.83024525642395,-1.0,-66.60652923583984
5.840349912643433,-1.0,-72.09142303466797
5.850461006164551,-1.0,-72.09142303466797
5.860551118850708,-1.0,-51.096343994140625
5.870661020278931,1.0,-51.096343994140625
5.8807573318481445,1.0,-13.20895004272461
5.890871524810791,1.0,29.804330825805664
5.900998592376709,1.0,29.804330825805664
5.911115646362305,1.0,61.4669189453125
5.921235799789429,1.0,72.72635650634766
5.931349515914917,1.0,72.72635650634766
5.941468954086304,1.0,59.165260314941406
5.951554536819458,-1.0,59.165260314941406
5.961715459823608,-1.0,26.225616455078125
5.971826553344727,-1.0,-13.47589111328125
5.981951475143433,-1.0,-13.47589111328125
5.992060661315918,-1.0,-48.4691162109375
6.002154350280762,-1.0,-70.42021179199219
6.012263059616089,1.0,-70.42021179199219
6.022395133972168,1.0,-68.64366912841797
6.032496929168701,1.0,-68.64366912841797
6.042616128921509,1.0,-47.998844146728516
6.052735328674316,1.0,-13.9210844039917
6.062841176986694,1.0,-13.9210844039917
6.072955369949341,1.0,25.8981990814209
6.083061695098877,1.0,57.11062240600586
6.0931715965271,-1.0,57.11062240600586
6.103262901306152,-1.0,70.81169891357422
6.1133599281311035,-1.0,65.70591735839844
6.123453378677368,-1.0,65.70591735839844
6.13354754447937,-1.0,42.53864288330078
6.143636465072632,-1.0,42.53864288330078
6.153735399246216,1.0,6.486589431762695
6.163830757141113,1.0,-32.252681732177734
6.17392110824585,1.0,-32.252681732177734
6.184015989303589,1.0,-59.236053466796875
6.194135904312134,1.0,-71.14741516113281
6.204257249832153,1.0,-71.14741516113281
6.214361190795898,0.9771242141723633,-65.81159210205078
6.224472999572754,0.9771242141723633,-65.81159210205078
6.234548568725586,-1.0,-44.05095672607422
6.244651794433594,-1.0,-10.562545776367188
6.254889965057373,-1.0,-10.562545776367188
6.2650909423828125,-1.0,25.236207962036133
6.27520227432251,-1.0,54.439788818359375
6.285313606262207,-1.0,54.439788818359375
6.2953948974609375,1.0,70.84912109375
6.305481672286987,1.0,70.7491683959961
6.315557241439819,1.0,70.7491683959961
6.325668573379517,1.0,53.12855529785156
6.3357672691345215,1.0,53.12855529785156
6.345860481262207,0.9093279838562012,23.037878036499023
6.355959177017212,0.9093279838562012,-10.456789016723633
6.366055965423584,0.9093279838562012,-10.456789016723633
6.3761513233184814,-1.0,-40.4263916015625
6.3862597942352295,-1.0,-62.378231048583984
6.396365404129028,-1.0,-62.378231048583984
6.406473636627197,-1.0,-71.59049224853516
6.416570425033569,-1.0,-71.59049224853516
6.426695108413696,1.0,-66.234375
6.436825275421143,1.0,-47.92181396484375
6.446938753128052,1.0,-47.92181396484375
6.457041501998901,1.0,-18.51070213317871
6.467177867889404,-1.0,12.695290565490723
6.4772727489471436,-1.0,12.695290565490723
6.487376928329468,-1.0,40.98884582519531
6.497482061386108,-1.0,62.24388122558594
6.507566928863525,-1.0,62.24388122558594
6.517686605453491,-1.0,71.72151184082031
6.527814865112305,1.0,71.72151184082031
6.537934064865112,1.0,68.4276351928711
6.548037052154541,1.0,51.551971435546875
6.558156728744507,1.0,51.551971435546875
6.568281173706055,1.0,27.667726516723633
6.578434467315674,1.0,-2.6145761013031006
6.588748931884766,-1.0,-2.6145761013031006
6.598881244659424,-1.0,-30.89157485961914
6.609011650085449,-1.0,-30.89157485961914
6.619136571884155,-1.0,-54.530330657958984
6.629256725311279,-1.0,-68.21968841552734
6.639375686645508,-1.0,-68.21968841552734
6.649501800537109,1.0,-71.0540542602539
6.659646987915039,1.0,-64.25582885742188
6.6697564125061035,1.0,-64.25582885742188
6.6798577308654785,1.0,-47.73932647705078
6.689958572387695,1.0,-23.340375900268555
6.700077056884766,1.0,-23.340375900268555
6.710227012634277,-1.0,6.115840911865234
6.7203590869903564,-1.0,6.115840911865234
6.730479955673218,-1.0,32.228458404541016
6.740612983703613,-1.0,53.390281677246094
6.750726222991943,-1.0,53.390281677246094
6.760821342468262,-1.0,67.90701293945312
6.770914316177368,1.0,72.77190399169922
6.781030893325806,1.0,72.77190399169922
6.7911412715911865,1.0,68.19759368896484
6.8012354373931885,1.0,53.889835357666016
6.81133246421814,-1.0,53.889835357666016
6.821442365646362,-1.0,33.97462463378906
6.831542253494263,-1.0,33.97462463378906
6.84163236618042,-1.0,8.54483699798584
6.851758003234863,-1.0,-16.551748275756836
6.861869812011719,-1.0,-16.551748275756836
6.871993541717529,1.0,-41.08796310424805
6.8821492195129395,1.0,-59.22066116333008
6.892271041870117,1.0,-59.22066116333008
6.902399778366089,1.0,-70.10809326171875
6.9125096797943115,1.0,-71.80500030517578
6.922634124755859,1.0,-71.80500030517578
6.932755708694458,-1.0,-63.467708587646484
6.942884206771851,-1.0,-63.467708587646484
6.9530088901519775,-1.0,-50.01762008666992
6.963137626647949,-1.0,-31.151906967163086
6.97324538230896,1.0,-31.151906967163086
6.98336124420166,1.0,-8.34240436553955
6.9934985637664795,1.0,14.702963829040527
7.003647089004517,1.0,14.702963829040527
7.013761758804321,1.0,36.14817810058594
7.023886203765869,1.0,36.14817810058594
7.034005641937256,-1.0,53.92559814453125
7.0441179275512695,-1.0,66.12533569335938
7.054226398468018,-1.0,66.12533569335938
7.064338445663452,-1.0,71.89898681640625
7.074447870254517,0.24616000056266785,70.3269271850586
7.084550380706787,0.24616000056266785,70.3269271850586
7.094684362411499,1.0,61.773563385009766
7.104842185974121,1.0,61.773563385009766
7.114940404891968,1.0,48.108001708984375
7.125058889389038,1.0,28.922922134399414
7.135175704956055,-1.0,28.922922134399414
7.145270586013794,-1.0,7.523130893707275
7.155377626419067,-1.0,-14.047401428222656
7.16547966003418,-1.0,-14.047401428222656
7.175556898117065,-1.0,-34.553741455078125
7.185671329498291,-1.0,-51.448150634765625
7.195845365524292,1.0,-51.448150634765625
7.2059853076934814,1.0,-64.23434448242188
7.216109991073608,1.0,-64.23434448242188
7.226229429244995,1.0,-70.87615203857422
7.236346006393433,-1.0,-70.86034393310547
7.246426343917847,-1.0,-70.86034393310547
7.256595849990845,-1.0,-66.27901458740234
7.266757965087891,-1.0,-56.26860809326172
7.276885509490967,-1.0,-56.26860809326172
7.286987066268921,-1.0,-39.86643981933594
7.2971930503845215,1.0,-21.375965118408203
7.307342529296875,1.0,-21.375965118408203
7.317471981048584,1.0,0.15774774551391602
7.327544689178467,1.0,0.15774774551391602
7.337652683258057,1.0,20.635353088378906
7.347821474075317,1.0,37.986602783203125
7.3579206466674805,-1.0,37.986602783203125
7.368022441864014,-1.0,53.3133430480957
7.378114461898804,-1.0,64.0864486694336
7.388213872909546,-1.0,64.0864486694336
7.398302316665649,1.0,71.75120544433594
7.408393383026123,1.0,71.75120544433594
7.418487071990967,1.0,72.4237060546875
7.42856240272522,1.0,68.6500015258789
7.438674449920654,1.0,68.6500015258789
7.448772192001343,1.0,61.83743667602539
7.45888352394104,-1.0,61.83743667602539
7.469024658203125,-1.0,48.66176986694336
7.479124069213867,-1.0,48.66176986694336
7.489222526550293,-1.0,34.27413558959961
7.499328374862671,1.0,19.025497436523438
7.5094780921936035,1.0,19.025497436523438
7.519548177719116,1.0,1.2822954654693604
7.529639959335327,1.0,-15.077140808105469
7.539743661880493,-1.0,-15.077140808105469
7.5498669147491455,-1.0,-29.90281867980957
7.559978485107422,-1.0,-44.500457763671875
7.5700905323028564,-1.0,-44.500457763671875
7.580214262008667,-1.0,-56.254783630371094
7.590372562408447,-1.0,-56.254783630371094
7.600478172302246,1.0,-64.55479431152344
7.610544204711914,1.0,-69.60836791992188
7.620648384094238,1.0,-69.60836791992188
7.630792856216431,1.0,-71.67181396484375
7.640948295593262,-1.0,-71.70077514648438
7.651071310043335,-1.0,-71.70077514648438
7.661182641983032,-1.0,-68.11515045166016
7.671295642852783,-1.0,-68.11515045166016
7.681400537490845,-1.0,-61.75806427001953
7.691500902175903,-1.0,-52.474063873291016
7.701655864715576,1.0,-52.474063873291016
7.711788892745972,1.0,-42.87705612182617
7.721936464309692,1.0,-30.36583137512207
7.732052326202393,1.0,-30.36583137512207
7.742164611816406,-1.0,-14.994083404541016
7.752277135848999,-1.0,-0.09804105758666992
7.76240086555481,-1.0,-0.09804105758666992
7.772550821304321,-1.0,13.806053161621094
7.782691478729248,-1.0,13.806053161621094
7.792838096618652,-1.0,26.56822395324707
7.802968740463257,1.0,37.672218322753906
7.813119888305664,1.0,37.672218322753906
7.823256015777588,1.0,46.7458381652832
7.83341908454895,1.0,54.8099250793457
7.843553781509399,-1.0,54.8099250793457
7.853656530380249,-1.0,62.581787109375
7.86374831199646,-1.0,62.581787109375
7.873845338821411,-1.0,67.67236328125
7.883945465087891,1.0,69.9970703125
7.894057035446167,1.0,69.9970703125
7.904171943664551,1.0,71.46054077148438
7.9142820835113525,1.0,70.31724548339844
7.92439603805542,-1.0,70.31724548339844
7.934507846832275,-1.0,66.990478515625
7.94477391242981,-1.0,62.36283874511719
7.954906702041626,-1.0,62.36283874511719
7.965031147003174,-1.0,54.94723129272461
7.9751482009887695,-1.0,54.94723129272461
7.9852588176727295,1.0,47.129112243652344
7.995384931564331,1.0,37.98692321777344
8.005503177642822,1.0,37.98692321777344
8.015630006790161,1.0,28.569223403930664
8.025739669799805,-1.0,17.006038665771484
8.035873413085938,-1.0,17.006038665771484
8.04600739479065,-1.0,5.926416397094727
8.056129932403564,-1.0,-4.355597496032715
8.066230535507202,1.0,-4.355597496032715
8.076334953308105,1.0,-16.865928649902344
8.086446285247803,1.0,-16.865928649902344
8.096571683883667,1.0,-27.724538803100586
8.106698274612427,-1.0,-37.03380584716797
8.116791486740112,-1.0,-37.03380584716797
8.12689471244812,-1.0,-45.471435546875
8.137148141860962,-1.0,-52.47825241088867
8.14731478691101,1.0,-52.47825241088867
8.157411575317383,1.0,-58.140743255615234
8.167503595352173,1.0,-58.140743255615234
8.17762804031372,1.0,-63.63865280151367
8.187786340713501,1.0,-68.31346130371094
8.197891235351562,1.0,-68.31346130371094
8.207980155944824,-1.0,-71.0635986328125
8.2180757522583,-1.0,-72.20764923095703
8.22818112373352,-1.0,-72.20764923095703
8.238285779953003,-1.0,-72.44890594482422
8.248373746871948,1.0,-70.63335418701172
8.258466482162476,1.0,-70.63335418701172
8.26855206489563,1.0,-67.20085144042969
8.278669595718384,-1.0,-67.20085144042969
8.288778305053711,-1.0,-64.20709991455078
8.29891037940979,-1.0,-60.0435791015625
8.30908989906311,-1.0,-60.0435791015625
8.31920862197876,1.0,-55.17354202270508
8.329314470291138,1.0,-50.07096862792969
8.339447021484375,1.0,-50.07096862792969
8.349564552307129,1.0,-44.34855270385742
8.359689712524414,1.0,-44.34855270385742
8.36979603767395,1.0,-36.97159957885742
8.379909038543701,-1.0,-29.891586303710938
8.390028715133667,-1.0,-29.891586303710938
8.400120973587036,-1.0,-23.65961456298828
8.410213947296143,-1.0,-16.015554428100586
8.420308589935303,1.0,-16.015554428100586
8.430405855178833,1.0,-8.660097122192383
8.440505504608154,1.0,-1.677722692489624
8.45064091682434,1.0,-1.677722692489624
8.46074104309082,-1.0,5.886906623840332
8.470849752426147,-1.0,5.886906623840332
8.480959177017212,-1.0,12.701333999633789
8.491147518157959,-1.0,18.2642822265625
8.501739978790283,1.0,18.2642822265625
8.511980295181274,1.0,24.3409481048584
8.522101879119873,1.0,31.988147735595703
8.53226113319397,1.0,31.988147735595703
8.54238772392273,-1.0,38.74322509765625
8.552489280700684,-1.0,44.620330810546875
8.562609910964966,-1.0,44.620330810546875
8.572722911834717,-1.0,49.64350891113281
8.582840204238892,1.0,49.64350891113281
8.59294867515564,1.0,55.170654296875
8.603042125701904,1.0,59.73933029174805
8.61314082145691,1.0,59.73933029174805
8.623251676559448,-1.0,61.68772888183594
8.633372783660889,-1.0,62.84230041503906
8.64347767829895,-1.0,62.84230041503906
8.653571605682373,-1.0,63.723114013671875
8.663747072219849,0.5793502330780029,63.723114013671875
8.67386507987976,0.5793502330780029,66.87591552734375
8.684005498886108,1.0,69.04961395263672
8.694133520126343,1.0,69.04961395263672
8.704263687133789,-1.0,70.46251678466797
8.714374780654907,-1.0,71.21810150146484
8.724503993988037,-1.0,71.21810150146484
8.734674453735352,-1.0,71.40469360351562
8.744831085205078,-1.0,71.92638397216797
8.754971981048584,-1.0,71.92638397216797
8.765130519866943,1.0,70.7884292602539
8.775266885757446,1.0,70.7884292602539
8.785398960113525,1.0,68.68592071533203
8.795487642288208,1.0,66.70806121826172
8.805616855621338,-1.0,66.70806121826172
8.81575083732605,-1.0,64.83717346191406
8.825895547866821,-1.0,62.10554885864258
8.836023569107056,-1.0,62.10554885864258
8.846179962158203,1.0,59.4002685546875
8.856319665908813,1.0,56.72890853881836
8.866440057754517,1.0,56.72890853881836
8.876548290252686,1.0,54.08357238769531
8.886652946472168,-1.0,54.08357238769531
8.896790266036987,-1.0,51.504581451416016
8.90696382522583,-1.0,48.34249496459961
8.917120933532715,-1.0,48.34249496459961
8.927268743515015,1.0,45.214351654052734
8.93815016746521,1.0,41.49737548828125
8.94830846786499,1.0,41.49737548828125
8.958420753479004,1.0,37.95363235473633
8.968535900115967,-1.0,34.02865982055664
8.978667736053467,-1.0,34.02865982055664
8.988807201385498,-1.0,30.78997230529785
8.998908042907715,-1.0,30.78997230529785
9.009012937545776,1.0,26.617076873779297
9.019101858139038,1.0,24.381635665893555
9.029204845428467,1.0,24.381635665893555
9.039309978485107,1.0,20.119415283203125
9.049432039260864,-1.0,16.03626251220703
9.05954623222351,-1.0,16.03626251220703
9.069648742675781,-1.0,12.155374526977539
9.079790115356445,-1.0,8.492000579833984
9.089906692504883,-1.0,8.492000579833984
9.100012063980103,-1.0,5.055809020996094
9.110145807266235,1.0,5.055809020996094
9.120275259017944,1.0,1.851898193359375
9.130542755126953,1.0,-1.1182608604431152
9.140719175338745,1.0,-1.1182608604431152
9.150847434997559,-1.0,-4.283548355102539
9.160950422286987,-1.0,-8.148185729980469
9.171156167984009,-1.0,-8.148185729980469
9.181293725967407,1.0,-10.214200973510742
9.191399574279785,1.0,-10.214200973510742
9.201497793197632,1.0,-13.819756507873535
9.211570262908936,1.0,-15.537796974182129
9.221685647964478,-1.0,-15.537796974182129
9.231822967529297,-1.0,-18.227676391601562
9.241954326629639,-1.0,-20.332609176635742
9.252086162567139,-1.0,-20.332609176635742
9.262197256088257,1.0,-22.27138900756836
9.272316217422485,1.0,-23.687232971191406
9.282412767410278,1.0,-23.687232971191406
9.29251503944397,1.0,-27.29376983642578
9.302649974822998,-1.0,-27.29376983642578
9.31276559829712,-1.0,-31.238805770874023
9.322882175445557,-1.0,-34.92505645751953
9.333058834075928,-1.0,-34.92505645751953
9.343206644058228,1.0,-38.295997619628906
9.353317022323608,1.0,-41.33887481689453
9.363409996032715,1.0,-41.33887481689453
9.373550176620483,1.0,-44.06032943725586
9.383666515350342,-1.0,-46.47556686401367
9.393776893615723,-1.0,-46.47556686401367
9.403889179229736,-1.0,-48.60343933105469
9.414002656936646,-1.0,-48.60343933105469
9.424108266830444,1.0,-50.46416473388672
9.434216260910034,1.0,-52.849082946777344
9.444333791732788,1.0,-52.849082946777344
9.45444917678833,1.0,-54.096317291259766
9.464541673660278,-1.0,-55.26801300048828
9.474628925323486,-1.0,-55.26801300048828
9.484728336334229,-1.0,-56.92963409423828
9.494853496551514,-1.0,-56.92963409423828
9.504972219467163,1.0,-60.5316047668457
9.515072584152222,1.0,-61.65158462524414
9.52517819404602,1.0,-61.65158462524414
9.535316944122314,1.0,-64.19741821289062
9.545445919036865,-1.0,-65.72862243652344
9.555618286132812,-1.0,-65.72862243652344
9.565765857696533,-1.0,-66.88600158691406
9.575901508331299,-1.0,-66.88600158691406
9.586212873458862,1.0,-68.18061828613281
9.596429347991943,1.0,-69.44316101074219
9.606554746627808,1.0,-69.44316101074219
9.616683006286621,1.0,-70.683349609375
9.62680172920227,-1.0,-69.910888671875
9.6369149684906,-1.0,-69.910888671875
9.647011041641235,-1.0,-70.11927032470703
9.657097816467285,-1.0,-71.4135971069336
9.667202949523926,1.0,-71.4135971069336
9.677327871322632,1.0,-72.00199127197266
9.687447786331177,1.0,-72.00199127197266
9.69755244255066,1.0,-72.26388549804688
9.707656860351562,-1.0,-72.33477783203125
9.71776819229126,-1.0,-72.33477783203125
9.727883338928223,0.917761504650116,-73.02684020996094
9.737988948822021,0.917761504650116,-72.99195098876953
9.748113632202148,1.0,-72.99195098876953
9.758236408233643,1.0,-71.85453796386719
9.768357992172241,1.0,-71.86837005615234
9.778465509414673,1.0,-71.86837005615234
9.788567543029785,-1.0,-71.98239135742188
9.79871654510498,-1.0,-71.98239135742188
9.808842420578003,-1.0,-71.70640563964844
9.818963289260864,-1.0,-72.56708526611328
9.829075813293457,1.0,-72.56708526611328
9.83919882774353,1.0,-72.28762817382812
9.849343299865723,1.0,-71.67176818847656
9.859475374221802,1.0,-71.67176818847656
9.86956000328064,-1.0,-71.7345199584961
9.879672050476074,-1.0,-71.7345199584961
9.889774799346924,-1.0,-71.72174835205078
9.899943590164185,-1.0,-72.55626678466797
9.9100923538208,1.0,-72.55626678466797
9.920202732086182,1.0,-71.54781341552734
9.930318832397461,-1.0,-71.79285430908203
9.94042420387268,-1.0,-71.79285430908203
9.95055103302002,-1.0,-72.16205596923828
9.960680961608887,-1.0,-72.26087188720703
9.970816612243652,1.0,-72.26087188720703
9.980943202972412,1.0,-72.28424835205078
9.991068124771118,1.0,-72.28424835205078
10.001191854476929,1.0,-72.30742645263672
10.011303901672363,1.0,-72.34762573242188
10.021459817886353,1.0,-72.34762573242188
10.031543970108032,-1.0,-72.39653778076172
10.041638612747192,-1.0,-72.16954040527344
10.051746845245361,1.0,-72.16954040527344
10.061861753463745,1.0,-70.54475402832031
10.071981191635132,1.0,-70.54475402832031
10.082090854644775,1.0,-69.63508605957031
10.092210531234741,-1.0,-70.63522338867188
10.102340459823608,-1.0,-70.63522338867188
10.112444162368774,-1.0,-69.44593048095703
10.122547626495361,-1.0,-69.9169692993164
10.132658958435059,1.0,-69.9169692993164
10.142789125442505,1.0,-68.76579284667969
10.152899265289307,1.0,-69.20515441894531
10.163021802902222,1.0,-69.20515441894531
10.173145055770874,-1.0,-69.36542510986328
10.18331527709961,-1.0,-69.36542510986328
10.193431615829468,-1.0,-68.0970687866211
10.203553199768066,-1.0,-68.5164794921875
10.213685512542725,1.0,-68.5164794921875
10.223947525024414,1.0,-67.2724838256836
10.234199523925781,1.0,-66.1631851196289
10.244329452514648,1.0,-66.1631851196289
10.254446983337402,-1.0,-66.46875
10.264562606811523,-1.0,-66.46875
10.274672508239746,-1.0,-64.99447631835938
10.284772634506226,-1.0,-63.39666748046875
10.294884204864502,1.0,-63.39666748046875
10.30500078201294,1.0,-61.76272201538086
10.315101146697998,1.0,-59.985450744628906
10.325196266174316,1.0,-59.985450744628906
10.335327863693237,-1.0,-58.159095764160156
10.345494508743286,-1.0,-58.159095764160156
10.355755805969238,-1.0,-55.725799560546875
10.365903377532959,-1.0,-55.07508087158203
10.37601613998413,1.0,-55.07508087158203
10.38613486289978,1.0,-53.535606384277344
10.39625334739685,1.0,-52.5498161315918
10.406363010406494,1.0,-52.5498161315918
10.416510343551636,-1.0,-49.416114807128906
10.426691770553589,-1.0,-49.416114807128906
10.436803102493286,-1.0,-46.07215881347656
10.446948528289795,-1.0,-42.717979431152344
10.457095861434937,1.0,-42.717979431152344
10.467222452163696,1.0,-39.26715850830078
10.47735071182251,1.0,-35.783260345458984
10.487492561340332,1.0,-35.783260345458984
10.497650623321533,-1.0,-32.32329559326172
10.50780725479126,-1.0,-28.895185470581055
10.517936706542969,1.0,-28.895185470581055
10.52811598777771,1.0,-22.723495483398438
10.538283109664917,1.0,-22.723495483398438
10.548424005508423,-1.0,-18.480920791625977
10.558552503585815,-1.0,-13.238040924072266
10.568668842315674,-1.0,-13.238040924072266
10.57876968383789,-1.0,-6.787998199462891
10.588871955871582,-1.0,-4.1193695068359375
10.59897756576538,1.0,-4.1193695068359375
10.60927700996399,1.0,0.4342358112335205
10.61938214302063,1.0,0.4342358112335205
10.62949824333191,1.0,5.829798221588135
10.639633893966675,-1.0,11.307514190673828
10.649744987487793,-1.0,11.307514190673828
10.659867763519287,-1.0,16.624454498291016
10.66999077796936,1.0,21.617645263671875
10.680113554000854,1.0,21.617645263671875
10.690245866775513,1.0,26.325618743896484
10.700384140014648,1.0,30.723445892333984
10.710521697998047,-1.0,30.723445892333984
10.720647811889648,-1.0,35.09022521972656
10.730766773223877,-1.0,35.09022521972656
10.740892171859741,-1.0,40.06911849975586
10.751027822494507,1.0,46.06120681762695
10.761177062988281,1.0,46.06120681762695
10.77131986618042,-0.3535751700401306,51.32274627685547
10.781462669372559,-0.3535751700401306,55.782623291015625
10.791563272476196,-1.0,55.782623291015625
10.80168867111206,-1.0,59.572837829589844
10.811903476715088,1.0,59.572837829589844
10.822075128555298,1.0,63.05196762084961
10.832193613052368,1.0,65.8376693725586
10.842319250106812,1.0,65.8376693725586
10.852477312088013,-1.0,67.48574829101562
10.862963676452637,-1.0,69.55635833740234
10.873128414154053,1.0,69.55635833740234
10.883248567581177,1.0,71.27587890625
10.89344334602356,1.0,70.98230743408203
10.903558731079102,1.0,70.98230743408203
10.913666009902954,1.0,71.8372802734375
10.923772811889648,1.0,72.07582092285156
10.933875322341919,-1.0,72.07582092285156
10.943979978561401,-1.0,71.27777099609375
10.954111576080322,-1.0,71.27777099609375
10.964227437973022,-1.0,69.8298568725586
10.974469661712646,1.0,67.68733215332031
10.98467206954956,1.0,67.68733215332031
10.99484634399414,-1.0,63.46320724487305
11.004985809326172,-1.0,63.46320724487305
11.015116691589355,-1.0,59.40316390991211
11.025249481201172,-1.0,55.28794479370117
11.035369157791138,1.0,55.28794479370117
11.045478105545044,1.0,51.90005874633789
11.05556321144104,1.0,46.348751068115234
11.065701723098755,1.0,46.348751068115234
11.07583737373352,-1.0,40.568809509277344
11.085968732833862,-1.0,34.58123779296875
11.09611964225769,-1.0,34.58123779296875
11.106261968612671,-1.0,28.379032135009766
11.116366624832153,1.0,28.379032135009766
11.126508951187134,1.0,20.162416458129883
11.136634588241577,1.0,11.547767639160156
11.146748781204224,1.0,11.547767639160156
11.156859397888184,-1.0,3.8597865104675293
11.16697072982788,-1.0,-3.816697359085083
11.177069664001465,-1.0,-3.816697359085083
11.187177419662476,-1.0,-11.329948425292969
11.197296857833862,1.0,-19.248369216918945
11.207416296005249,1.0,-19.248369216918945
11.2175133228302,-1.0,-25.341346740722656
11.227632761001587,-1.0,-25.341346740722656
11.23773455619812,-1.0,-30.693307876586914
11.247831106185913,-1.0,-37.59490203857422
11.257927894592285,1.0,-37.59490203857422
11.26802921295166,1.0,-43.700321197509766
11.278158187866211,1.0,-49.11247253417969
11.28828740119934,1.0,-49.11247253417969
11.298421382904053,-1.0,-53.10070037841797
11.308561325073242,-1.0,-53.10070037841797
11.318677425384521,-1.0,-58.25475311279297
11.328782320022583,-1.0,-62.06632614135742
11.339099407196045,1.0,-62.06632614135742
11.349273204803467,1.0,-65.1192398071289
11.359435319900513,0.5576061010360718,-68.55706024169922
11.369566202163696,0.5576061010360718,-68.55706024169922
11.37970232963562,-1.0,-70.24452209472656
11.389836311340332,-1.0,-71.77630615234375
11.399947881698608,1.0,-71.77630615234375
11.410057067871094,1.0,-72.48162841796875
11.420181274414062,1.0,-72.48162841796875
11.430314064025879,1.0,-72.06541442871094
11.440428733825684,-1.0,-69.95491027832031
11.45054578781128,-1.0,-69.95491027832031
11.460662841796875,-1.0,-69.00176239013672
11.470778226852417,-1.0,-67.07575988769531
11.48088812828064,1.0,-67.07575988769531
11.49101734161377,1.0,-62.809593200683594
11.50113558769226,1.0,-58.285179138183594
11.511276006698608,1.0,-58.285179138183594
11.52141523361206,-1.0,-53.35805892944336
11.53156590461731,-1.0,-53.35805892944336
11.541677713394165,-1.0,-47.93095397949219
11.551796197891235,-1.0,-39.86259841918945
11.561912298202515,1.0,-39.86259841918945
11.572017669677734,1.0,-34.61744689941406
11.582130193710327,1.0,-29.203285217285156
11.592264652252197,1.0,-29.203285217285156
11.60238766670227,-1.0,-21.986614227294922
11.61247706413269,-1.0,-21.986614227294922
11.622559309005737,1.0,-13.1436185836792
11.632683992385864,1.0,-4.464674949645996
11.642801761627197,1.0,-4.464674949645996
11.652940273284912,1.0,3.868830680847168
11.663063049316406,-1.0,12.675077438354492
11.673181056976318,-1.0,12.675077438354492
11.683332681655884,-1.0,22.130653381347656
11.693472623825073,-1.0,30.36015510559082
11.70365595817566,1.0,30.36015510559082
11.713774919509888,1.0,38.696441650390625
11.723881483078003,1.0,38.696441650390625
11.734001636505127,1.0,46.2267951965332
11.744117259979248,-1.0,52.8292121887207
11.754222393035889,-1.0,52.8292121887207
11.764349937438965,-1.0,58.32079315185547
11.774463891983032,-1.0,64.37723541259766
11.784557580947876,1.0,64.37723541259766
11.794678688049316,-0.008322134613990784,66.23784637451172
11.804791688919067,-0.008322134613990784,69.43333435058594
11.814984798431396,-1.0,69.43333435058594
11.825127124786377,-1.0,71.61881256103516
11.835255146026611,1.0,71.61881256103516
11.845359325408936,1.0,72.27780151367188
11.855477333068848,1.0,71.63762664794922
11.865634679794312,1.0,71.63762664794922
11.875743389129639,-1.0,67.88561248779297
11.885866165161133,-1.0,64.02491760253906
11.896037817001343,-1.0,64.02491760253906
11.906190395355225,-1.0,58.99685287475586
11.916315793991089,1.0,58.99685287475586
11.92644190788269,1.0,53.06891632080078
11.936565160751343,-1.0,44.6849365234375
11.946686744689941,-1.0,44.6849365234375
11.956819772720337,-1.0,38.0395622253418
11.966975212097168,-1.0,30.85403823852539
11.97710132598877,1.0,30.85403823852539
11.987248420715332,1.0,22.133935928344727
11.997401475906372,1.0,11.210260391235352
12.007557153701782,1.0,11.210260391235352
12.01770830154419,-1.0,0.7064874172210693
12.027878522872925,-1.0,0.7064874172210693
12.037993669509888,-1.0,-10.185938835144043
12.04810118675232,-1.0,-19.914873123168945
12.058205366134644,1.0,-19.914873123168945
12.068303346633911,1.0,-28.768957138061523
12.078416347503662,1.0,-38.90025329589844
12.088557481765747,1.0,-38.90025329589844
12.09868049621582,-1.0,-48.02533721923828
12.108795642852783,-1.0,-54.75296401977539
12.118934392929077,-1.0,-54.75296401977539
12.129071712493896,-1.0,-61.27431869506836
12.139435291290283,1.0,-61.27431869506836
12.149621486663818,1.0,-65.88311004638672
12.159724950790405,-1.0,-69.11279296875
12.169824361801147,-1.0,-69.11279296875
12.179925203323364,-1.0,-71.71782684326172
12.190026998519897,-1.0,-71.71782684326172
12.200132369995117,1.0,-72.08316802978516
12.210247993469238,1.0,-69.72948455810547
12.220368385314941,1.0,-69.72948455810547
12.230477333068848,1.0,-67.40908813476562
12.240570783615112,-1.0,-62.33771514892578
12.250725746154785,-1.0,-62.33771514892578
12.26085090637207,-1.0,-56.17636489868164
12.270979642868042,-1.0,-48.94805145263672
12.281095504760742,1.0,-48.94805145263672
12.291213989257812,1.0,-38.970970153808594
12.301323652267456,-1.0,-28.687007904052734
12.31143307685852,-1.0,-28.687007904052734
12.321587800979614,-1.0,-18.144882202148438
12.331711769104004,-1.0,-18.144882202148438
12.341823101043701,1.0,-7.3722405433654785
12.351941108703613,1.0,3.0814459323883057
12.362054824829102,1.0,3.0814459323883057
12.372175216674805,1.0,13.883804321289062
12.382277488708496,-1.0,24.884286880493164
12.392395973205566,-1.0,24.884286880493164
12.402503490447998,-1.0,34.997474670410156
12.412620544433594,-1.0,34.997474670410156
12.422739028930664,1.0,44.343441009521484
12.432846069335938,1.0,52.362239837646484
12.442944765090942,0.46767914295196533,52.362239837646484
12.453036546707153,0.46767914295196533,58.76185607910156
12.463135004043579,-1.0,63.37187957763672
12.473247766494751,-1.0,63.37187957763672
12.483369827270508,1.0,67.32994079589844
12.49349045753479,1.0,67.32994079589844
12.503556251525879,1.0,70.67607879638672
12.51366901397705,1.0,72.18085479736328
12.523766040802002,-1.0,72.18085479736328
12.533863544464111,-1.0,70.34036254882812
12.543968915939331,-1.0,68.72528076171875
12.554097175598145,-1.0,68.72528076171875
12.564228057861328,1.0,65.49933624267578
12.57441234588623,1.0,59.811485290527344
12.584585428237915,1.0,59.811485290527344
12.594748497009277,1.0,53.70240783691406
12.604888439178467,-1.0,44.99375534057617
12.614992618560791,-1.0,44.99375534057617
12.625104665756226,1.0,35.53147506713867
12.635240077972412,1.0,35.53147506713867
12.64535140991211,1.0,25.55715560913086
12.655454397201538,1.0,15.248133659362793
12.665554761886597,-1.0,15.248133659362793
12.675672769546509,-1.0,2.1388747692108154
12.685789585113525,-0.24222934246063232,-8.556011199951172
12.695895195007324,-0.24222934246063232,-8.556011199951172
12.705998420715332,1.0,-20.705997467041016
12.716111183166504,1.0,-20.705997467041016
12.726207256317139,0.9034302234649658,-31.504375457763672
12.736344337463379,0.9034302234649658,-41.522701263427734
12.746514081954956,-1.0,-41.522701263427734
12.756625413894653,-1.0,-50.134464263916016
12.766733407974243,1.0,-58.389442443847656
12.776845693588257,1.0,-58.389442443847656
12.78695273399353,1.0,-65.02752685546875
12.797062158584595,1.0,-65.02752685546875
12.807176113128662,-1.0,-68.77339172363281
12.817391872406006,-1.0,-71.75507354736328
12.827570915222168,-1.0,-71.75507354736328
12.837713718414307,-1.0,-72.26591491699219
12.847845554351807,1.0,-70.01347351074219
12.857959270477295,1.0,-70.01347351074219
12.868068218231201,1.0,-66.25061798095703
12.878191947937012,1.0,-66.25061798095703
12.888339281082153,-1.0,-60.80195999145508
12.898475646972656,-1.0,-53.56779479980469
12.90865159034729,1.0,-53.56779479980469
12.918785095214844,1.0,-42.46133041381836
12.928928136825562,1.0,-31.813880920410156
12.939067125320435,-1.0,-31.813880920410156
12.949214458465576,-1.0,-21.907791137695312
12.959388256072998,-1.0,-8.892841339111328
12.969513177871704,-1.0,-8.892841339111328
12.979677200317383,-1.0,3.8606362342834473
12.989812135696411,1.0,18.710010528564453
12.999943971633911,-1.0,18.710010528564453
13.010095834732056,-1.0,29.513187408447266
13.020664930343628,-1.0,29.513187408447266
13.030856847763062,-1.0,41.72262191772461
13.040962934494019,1.0,52.46981430053711
13.051056146621704,1.0,52.46981430053711
13.061154127120972,-1.0,61.12617874145508
13.07131028175354,-1.0,67.44795989990234
13.081435680389404,-1.0,67.44795989990234
13.091581344604492,-1.0,70.59331512451172
13.10171103477478,1.0,70.59331512451172
13.111825227737427,1.0,71.11711883544922
13.12192702293396,1.0,69.75907897949219
13.132020235061646,1.0,69.75907897949219
13.142127752304077,-1.0,66.04898071289062
13.152246713638306,-1.0,57.908878326416016
13.162360668182373,-1.0,57.908878326416016
13.17247200012207,-1.0,50.303558349609375
13.18256425857544,1.0,38.540523529052734
13.19270372390747,1.0,38.540523529052734
13.202804803848267,-1.0,26.4014835357666
13.213045835494995,-1.0,26.4014835357666
13.223208904266357,-1.0,14.111042976379395
13.233354091644287,-1.0,-0.2904670238494873
13.243459701538086,1.0,-0.2904670238494873
13.253583908081055,1.0,-13.386981010437012
13.263716220855713,1.0,-26.705368041992188
13.273835897445679,1.0,-26.705368041992188
13.28395938873291,-1.0,-39.77631378173828
13.29408574104309,-1.0,-39.77631378173828
13.304208993911743,-1.0,-50.75862121582031
13.314328908920288,-1.0,-59.798255920410156
13.324445009231567,1.0,-59.798255920410156
13.334547281265259,1.0,-65.98878479003906
13.344664573669434,-1.0,-70.24011993408203
13.354802131652832,-1.0,-70.24011993408203
13.36493730545044,-1.0,-71.90741729736328
13.37505292892456,-1.0,-71.90741729736328
13.385175228118896,1.0,-70.9847412109375
13.395283460617065,1.0,-67.4365463256836
13.405386924743652,1.0,-67.4365463256836
13.415487051010132,-1.0,-59.26178741455078
13.425612926483154,-1.0,-51.564430236816406
13.435721635818481,-1.0,-51.564430236816406
13.445862054824829,1.0,-39.6098747253418
13.456838130950928,1.0,-39.6098747253418
13.466994762420654,1.0,-26.582275390625
13.477121353149414,1.0,-10.436973571777344
13.487246751785278,-1.0,-10.436973571777344
13.497409343719482,-1.0,3.302434206008911
13.50765872001648,1.0,19.1361141204834
13.517788887023926,1.0,19.1361141204834
13.527929544448853,1.0,32.78883361816406
13.538111686706543,1.0,45.37504577636719
13.548295497894287,-1.0,45.37504577636719
13.55842924118042,-1.0,55.98614501953125
13.568563222885132,-1.0,55.98614501953125
13.578684329986572,-1.0,64.48179626464844
13.588798999786377,1.0,69.8883285522461
13.59892749786377,1.0,69.8883285522461
13.609067440032959,1.0,72.68148040771484
13.619195222854614,1.0,70.89940643310547
13.629326581954956,-1.0,70.89940643310547
13.639446258544922,-1.0,67.04911041259766
13.649559497833252,0.3997184634208679,60.6932373046875
13.659695386886597,0.3997184634208679,60.6932373046875
13.669853687286377,1.0,49.63007354736328
13.679983139038086,1.0,49.63007354736328
13.690123081207275,-1.0,36.9028434753418
13.700242280960083,-1.0,23.532058715820312
13.710362434387207,-1.0,23.532058715820312
13.720482587814331,-1.0,6.498284339904785
13.730552196502686,1.0,-9.602949142456055
13.740661144256592,1.0,-9.602949142456055
13.750777006149292,1.0,-24.347370147705078
13.760881185531616,1.0,-24.347370147705078
13.770981073379517,-1.0,-38.39934539794922
13.781086683273315,-1.0,-50.6783447265625
13.791196346282959,1.0,-50.6783447265625
13.801289081573486,1.0,-60.15553665161133
13.811383724212646,1.0,-66.70230865478516
13.821495294570923,1.0,-66.70230865478516
13.831620216369629,-1.0,-70.66193389892578
13.841738939285278,-1.0,-70.13322448730469
13.851869106292725,-0.619088888168335,-70.13322448730469
13.862001895904541,-0.619088888168335,-68.17416381835938
13.872112512588501,1.0,-68.17416381835938
13.88221001625061,1.0,-63.648094177246094
13.89231252670288,-1.0,-57.013729095458984
13.90243411064148,-1.0,-57.013729095458984
13.912562131881714,-1.0,-47.73299789428711
13.922674179077148,-1.0,-35.21050262451172
13.932788133621216,1.0,-35.21050262451172
13.942875146865845,1.0,-21.92841148376465
13.952996253967285,1.0,-5.857662200927734
13.963101625442505,1.0,-5.857662200927734
13.973205327987671,-1.0,9.735260009765625
13.983314752578735,-1.0,9.735260009765625
13.993419408798218,1.0,24.201663970947266
14.003542423248291,1.0,37.87018966674805
14.01368236541748,1.0,37.87018966674805
14.023854732513428,1.0,50.06694412231445
14.033977746963501,-1.0,58.961212158203125
14.044087409973145,-1.0,58.961212158203125
14.054810285568237,-1.0,66.11286926269531
14.064952850341797,-1.0,66.11286926269531
14.075067281723022,1.0,69.4496078491211
14.085177183151245,1.0,70.54083251953125
14.095292568206787,1.0,70.54083251953125
14.10541319847107,-1.0,69.09555053710938
14.11552119255066,-1.0,65.2491455078125
14.125664234161377,1.0,65.2491455078125
14.135798931121826,1.0,56.34135055541992
14.145930051803589,1.0,48.06133270263672
14.156044483184814,1.0,48.06133270263672
14.166159868240356,-1.0,36.0560188293457
14.176288843154907,-1.0,36.0560188293457
14.186429262161255,-1.0,23.24268341064453
14.196557760238647,-1.0,8.057202339172363
14.206687211990356,1.0,8.057202339172363
14.216825723648071,1.0,-7.679354667663574
14.226956129074097,-1.0,-22.225542068481445
14.23707103729248,-1.0,-22.225542068481445
14.24717378616333,-1.0,-35.948158264160156
14.257286787033081,-1.0,-35.948158264160156
14.26741361618042,1.0,-47.10991668701172
14.277536392211914,1.0,-56.41196823120117
14.287655115127563,1.0,-56.41196823120117
14.297763586044312,1.0,-64.75733947753906
14.307871341705322,-1.0,-69.32132720947266
14.31798243522644,-1.0,-69.32132720947266
14.328092336654663,-1.0,-71.17979431152344
14.338212251663208,-1.0,-69.86488342285156
14.348329305648804,1.0,-69.86488342285156
14.358450174331665,1.0,-66.23861694335938
14.368549346923828,-1.0,-57.32178497314453
14.378671646118164,-1.0,-57.32178497314453
14.388812780380249,-1.0,-47.575645446777344
14.398959636688232,-1.0,-47.575645446777344
14.409080982208252,1.0,-35.6735725402832
14.419196128845215,1.0,-22.85729217529297
14.429331302642822,1.0,-22.85729217529297
14.439460754394531,1.0,-7.2489190101623535
14.449559211730957,-1.0,5.752965927124023
14.459694147109985,-1.0,5.752965927124023
14.46984052658081,-1.0,20.73253631591797
14.479971170425415,-1.0,20.73253631591797
14.490098237991333,1.0,33.7231559753418
14.500234365463257,1.0,45.07772445678711
14.510377883911133,-1.0,45.07772445678711
14.520473718643188,-1.0,55.562477111816406
14.530550479888916,1.0,55.562477111816406
14.540657997131348,1.0,64.77850341796875
14.550776481628418,1.0,69.126953125
14.560893058776855,1.0,69.126953125
14.570998668670654,-1.0,71.67417907714844
14.581104516983032,-1.0,69.80882263183594
14.591234683990479,-1.0,69.80882263183594
14.60134744644165,-1.0,66.49156188964844
14.611454010009766,1.0,58.76294708251953
14.621564626693726,1.0,58.76294708251953
14.6316819190979,1.0,49.16624069213867
14.641794443130493,1.0,49.16624069213867
14.651904344558716,-1.0,36.91484451293945
14.662020444869995,-1.0,22.684328079223633
14.67214846611023,1.0,22.684328079223633
14.682281970977783,1.0,7.477674961090088
14.692887306213379,1.0,-8.243868827819824
14.703094959259033,1.0,-8.243868827819824
14.713212490081787,-1.0,-23.259065628051758
14.723337888717651,-1.0,-38.470977783203125
14.733468770980835,-1.0,-38.470977783203125
14.743663787841797,-1.0,-50.94385528564453
14.75380539894104,1.0,-50.94385528564453
14.763920307159424,1.0,-60.45975875854492
14.774144172668457,1.0,-67.03699493408203
14.784261226654053,1.0,-67.03699493408203
14.794375896453857,-1.0,-71.45722198486328
14.804486989974976,-1.0,-72.03047943115234
14.814627170562744,1.0,-72.03047943115234
14.824745655059814,1.0,-69.83673095703125
14.834861516952515,1.0,-62.60652160644531
14.844959735870361,1.0,-62.60652160644531
14.855055570602417,-1.0,-53.39287185668945
14.86516547203064,-1.0,-53.39287185668945
14.875297784805298,-1.0,-39.351497650146484
14.885477781295776,-1.0,-23.748353958129883
14.8961501121521,1.0,-23.748353958129883
14.906314849853516,1.0,-7.6794586181640625
14.916452884674072,-1.0,8.891271591186523
14.926578521728516,-1.0,8.891271591186523
14.936698198318481,-1.0,25.88525390625
14.946802616119385,-1.0,40.860721588134766
14.956916093826294,1.0,40.860721588134766
14.96706509590149,1.0,53.1880989074707
14.977207899093628,-1.0,53.1880989074707
14.987334966659546,-1.0,62.50471878051758
14.997438430786133,-1.0,69.10211181640625
15.007548570632935,-1.0,69.10211181640625
15.01766300201416,1.0,72.28148651123047
15.02775526046753,1.0,71.73571014404297
15.03786849975586,1.0,71.73571014404297
15.0479736328125,1.0,66.25033569335938
15.05810260772705,-1.0,66.25033569335938
15.068262815475464,-1.0,59.04886245727539
15.07839035987854,1.0,48.018707275390625
15.088508605957031,1.0,48.018707275390625
15.098641157150269,1.0,35.16621398925781
15.108757972717285,1.0,21.049358367919922
15.118878364562988,-1.0,21.049358367919922
15.129004716873169,-1.0,6.130955696105957
15.139134407043457,-1.0,6.130955696105957
15.149266004562378,-1.0,-9.29648208618164
15.159377336502075,1.0,-25.508872985839844
15.169492959976196,1.0,-25.508872985839844
15.17955732345581,-1.0,-41.01204299926758
15.189696311950684,-1.0,-53.231021881103516
15.199819326400757,-1.0,-53.231021881103516
15.209940433502197,-1.0,-62.68862533569336
15.220064640045166,1.0,-62.68862533569336
15.230180263519287,1.0,-68.99713897705078
15.240297079086304,1.0,-70.8909912109375
15.250423192977905,1.0,-70.8909912109375
15.260563135147095,-1.0,-69.7825927734375
15.270675897598267,-1.0,-66.7510757446289
15.280792474746704,-1.0,-66.7510757446289
15.291170120239258,1.0,-59.86077880859375
15.301292896270752,1.0,-51.021446228027344
15.311392068862915,1.0,-51.021446228027344
15.321499109268188,-1.0,-38.02053451538086
15.332236289978027,-1.0,-38.02053451538086
15.342407703399658,-1.0,-23.64097023010254
15.352569580078125,1.0,-8.748706817626953
15.362720251083374,1.0,-8.748706817626953
15.372849225997925,-1.0,7.602066993713379
15.382960319519043,-1.0,24.477508544921875
15.393075466156006,-1.0,24.477508544921875
15.403221607208252,-1.0,40.11362075805664
15.41334080696106,1.0,52.03025817871094
15.423447370529175,1.0,52.03025817871094
15.433549404144287,1.0,62.12028121948242
15.443645000457764,1.0,62.12028121948242
15.453754901885986,-1.0,68.88752746582031
15.463876485824585,-1.0,72.47269439697266
15.47399640083313,-1.0,72.47269439697266
15.484105825424194,-1.0,70.73597717285156
15.494220495223999,1.0,66.9198226928711
15.504351615905762,1.0,66.9198226928711
15.51447606086731,-1.0,57.507171630859375
15.524549007415771,-1.0,57.507171630859375
15.534656286239624,-1.0,45.442909240722656
15.544765949249268,-1.0,45.442909240722656
15.554900884628296,-1.0,31.497032165527344
15.565046787261963,1.0,14.452400207519531
15.575226068496704,1.0,14.452400207519531
15.585371255874634,1.0,-3.073493242263794
15.595494270324707,1.0,-19.539310455322266
15.60560941696167,-1.0,-19.539310455322266
15.61584734916687,-1.0,-34.7227783203125
15.625983238220215,1.0,-34.7227783203125
15.636108636856079,1.0,-48.88788986206055
15.646225929260254,1.0,-59.66279602050781
15.656336784362793,1.0,-59.66279602050781
15.666450262069702,-1.0,-67.72612762451172
15.676555633544922,-1.0,-71.23137664794922
15.686668395996094,1.0,-71.23137664794922
15.69677209854126,1.0,-70.83287048339844
15.707130193710327,1.0,-67.05182647705078
15.717319250106812,1.0,-67.05182647705078
15.727459192276001,-1.0,-58.39796447753906
15.737626075744629,-1.0,-58.39796447753906
15.747766733169556,1.0,-48.03076171875
15.757935285568237,1.0,-33.06106948852539
15.768068790435791,1.0,-33.06106948852539
15.778194904327393,1.0,-14.646308898925781
15.788325071334839,-1.0,2.2903034687042236
15.798444271087646,-1.0,2.2903034687042236
15.808561325073242,1.0,20.26163673400879
15.818701028823853,1.0,36.38536071777344
15.828847646713257,1.0,36.38536071777344
15.838966369628906,1.0,51.841426849365234
15.849092245101929,-1.0,51.841426849365234
15.859312295913696,-1.0,62.32472229003906
15.869451522827148,-1.0,69.42163848876953
15.87955927848816,-1.0,69.42163848876953
15.889662981033325,1.0,72.40387725830078
15.899794578552246,1.0,70.6261215209961
15.909956455230713,1.0,70.6261215209961
15.920105934143066,1.0,65.20416259765625
15.930234909057617,-1.0,65.20416259765625
15.94035816192627,-1.0,56.318084716796875
15.950544834136963,1.0,42.22900390625
15.960673809051514,1.0,42.22900390625
15.97080111503601,1.0,26.513050079345703
15.980916023254395,1.0,7.0340704917907715
15.991036653518677,-1.0,7.0340704917907715
16.001157522201538,-1.0,-11.870570182800293
16.011285066604614,1.0,-29.11029052734375
16.021414041519165,1.0,-29.11029052734375
16.031574726104736,1.0,-45.3189697265625
16.04175567626953,-1.0,-57.21216583251953
16.051921844482422,-1.0,-57.21216583251953
16.06204652786255,-1.0,-66.85517883300781
16.072198152542114,-1.0,-66.85517883300781
16.08231258392334,1.0,-71.34436798095703
16.092434883117676,1.0,-71.78627014160156
16.10255742073059,1.0,-71.78627014160156
16.112690687179565,1.0,-67.62761688232422
16.12282133102417,-1.0,-67.62761688232422
16.13293719291687,-1.0,-58.946319580078125
16.14306616783142,1.0,-47.30500030517578
16.153222799301147,1.0,-47.30500030517578
16.163365840911865,1.0,-33.15594482421875
16.17350435256958,1.0,-14.502260208129883
16.183677673339844,-1.0,-14.502260208129883
16.19381880760193,-1.0,3.966428518295288
16.203960418701172,-1.0,23.248872756958008
16.2149338722229,-1.0,23.248872756958008
16.225092887878418,1.0,38.7455940246582
16.235207557678223,1.0,52.812870025634766
16.245322227478027,-1.0,52.812870025634766
16.255438327789307,-1.0,64.09141540527344
16.265555143356323,0.15009187161922455,64.09141540527344
16.27567172050476,0.15009187161922455,69.88609313964844
16.28580069541931,1.0,72.18949890136719
16.295947074890137,1.0,72.18949890136719
16.306084156036377,-1.0,67.97049713134766
16.31619620323181,-1.0,59.389503479003906
16.326313734054565,-1.0,59.389503479003906
16.336430549621582,-1.0,47.691219329833984
16.346553564071655,1.0,30.213481903076172
16.35667610168457,1.0,30.213481903076172
16.36677598953247,-1.0,12.261734008789062
16.376919507980347,-1.0,12.261734008789062
16.387038230895996,-1.0,-5.861783504486084
16.397153615951538,-1.0,-24.696651458740234
16.407307386398315,1.0,-24.696651458740234
16.41742515563965,1.0,-40.404815673828125
16.427579164505005,1.0,-54.56953048706055
16.437708616256714,1.0,-54.56953048706055
16.447805643081665,-1.0,-65.0572738647461
16.4579176902771,-1.0,-65.0572738647461
16.46803116798401,-1.0,-70.48918914794922
16.478176593780518,-1.0,-71.18640899658203
16.488333225250244,1.0,-71.18640899658203
16.49860143661499,1.0,-66.3997802734375
16.508721113204956,-1.0,-57.999427795410156
16.518818378448486,-1.0,-57.999427795410156
16.528903245925903,-1.0,-46.37940216064453
16.539002656936646,-1.0,-31.05640411376953
16.5491042137146,1.0,-31.05640411376953
16.55920433998108,1.0,-12.961721420288086
16.569294929504395,1.0,-12.961721420288086
16.579402208328247,1.0,5.453510284423828
16.589473009109497,-1.0,24.12700653076172
16.59954810142517,-1.0,24.12700653076172
16.609638929367065,1.0,39.76446533203125
16.619737148284912,1.0,54.09152603149414
16.629845142364502,1.0,54.09152603149414
16.639952659606934,1.0,65.0810317993164
16.650086402893066,-1.0,70.80321502685547
16.660200834274292,-1.0,70.80321502685547
16.670313835144043,-1.0,72.28248596191406
16.680442333221436,-1.0,72.28248596191406
16.690561294555664,1.0,69.4891586303711
16.700676202774048,1.0,62.206504821777344
16.71078395843506,-1.0,62.206504821777344
16.72088932991028,-1.0,50.767513275146484
16.731013298034668,-1.0,33.8050651550293
16.741135597229004,-1.0,33.8050651550293
16.75124955177307,1.0,16.983951568603516
16.761350393295288,1.0,16.983951568603516
16.77144956588745,1.0,-2.1307287216186523
16.78155255317688,1.0,-22.734148025512695
16.791651487350464,-1.0,-22.734148025512695
16.801755905151367,-1.0,-40.17164993286133
16.81186270713806,1.0,-54.46525573730469
16.82212233543396,1.0,-54.46525573730469
16.832298040390015,1.0,-64.96315002441406
16.84244441986084,1.0,-69.8648910522461
16.852550983428955,-1.0,-69.8648910522461
16.86265468597412,-1.0,-70.382080078125
16.872748374938965,1.0,-70.382080078125
16.88284468650818,1.0,-67.62115478515625
16.892909288406372,1.0,-60.23875045776367
16.903022050857544,1.0,-60.23875045776367
16.913127660751343,-1.0,-49.78020095825195
16.923223733901978,-1.0,-34.34900665283203
16.933319330215454,1.0,-34.34900665283203
16.94341015815735,1.0,-16.987228393554688
16.953540563583374,1.0,-16.987228393554688
16.963660955429077,1.0,1.2320141792297363
16.97376799583435,-1.0,20.060699462890625
16.983876943588257,-1.0,20.060699462890625
16.99398136138916,-1.0,37.04717254638672
17.004077672958374,-1.0,51.221923828125
17.014182567596436,1.0,51.221923828125
17.0242977142334,1.0,62.29658508300781
17.034414529800415,-1.0,68.8404769897461
17.044535160064697,-1.0,68.8404769897461
17.054644346237183,-1.0,72.00431823730469
17.064783334732056,-1.0,72.00431823730469
17.07490611076355,1.0,70.700927734375
17.085025787353516,1.0,65.4195327758789
17.095141887664795,1.0,65.4195327758789
17.105273246765137,-1.0,55.26005935668945
17.11537480354309,-1.0,55.26005935668945
17.125479698181152,-1.0,40.923744201660156
17.135562896728516,1.0,26.198713302612305
17.145673036575317,1.0,26.198713302612305
17.155789852142334,1.0,10.119455337524414
17.165969371795654,-1.0,-8.1176118850708
17.176090717315674,-1.0,-8.1176118850708
17.186204433441162,-1.0,-26.965301513671875
17.196308135986328,-1.0,-43.3267707824707
17.206587076187134,1.0,-43.3267707824707
17.21668267250061,1.0,-56.51622009277344
17.2267963886261,-1.0,-56.51622009277344
17.23692536354065,-1.0,-64.73308563232422
17.247041940689087,-1.0,-70.39659881591797
17.257157564163208,-1.0,-70.39659881591797
17.26730728149414,1.0,-71.61111450195312
17.277424335479736,1.0,-66.9164047241211
17.287548065185547,-0.12131060659885406,-66.9164047241211
17.297661542892456,-0.12131060659885406,-58.75345993041992
17.307803869247437,-1.0,-47.42744445800781
17.317899703979492,-1.0,-47.42744445800781
17.327999353408813,1.0,-31.08966636657715
17.338114500045776,1.0,-31.08966636657715
17.34822964668274,1.0,-13.232938766479492
17.35832667350769,1.0,4.491060256958008
17.368427515029907,-1.0,4.491060256958008
17.378532886505127,-1.0,21.97126579284668
17.388647317886353,-1.0,38.347320556640625
17.398741722106934,-1.0,38.347320556640625
17.40883994102478,1.0,52.89249801635742
17.418935775756836,1.0,52.89249801635742
17.42904806137085,-1.0,63.196250915527344
17.439157724380493,-1.0,69.46678161621094
17.449273586273193,-1.0,69.46678161621094
17.46199345588684,-1.0,71.49015045166016
17.472175359725952,1.0,68.34207916259766
17.482274532318115,1.0,68.34207916259766
17.49237322807312,-1.0,61.56006622314453
17.502476692199707,-1.0,52.76267623901367
17.512559175491333,-1.0,52.76267623901367
17.522674322128296,-1.0,38.65544509887695
17.53278160095215,1.0,38.65544509887695
17.54288649559021,1.0,23.060131072998047
17.552987575531006,1.0,3.7338168621063232
17.563141107559204,1.0,3.7338168621063232
17.573235988616943,-1.0,-14.530801773071289
17.583354473114014,-1.0,-30.334152221679688
17.59348964691162,1.0,-30.334152221679688
17.60364079475403,1.0,-45.51839828491211
17.61375069618225,1.0,-45.51839828491211
17.623878240585327,1.0,-57.33129119873047
17.63400149345398,-1.0,-65.65870666503906
17.644106149673462,-1.0,-65.65870666503906
17.654215335845947,-1.0,-70.31298065185547
17.664350271224976,-1.0,-71.77873229980469
17.674471139907837,1.0,-71.77873229980469
17.68457269668579,1.0,-69.53668212890625
17.69469690322876,-1.0,-61.35564422607422
17.70478844642639,-1.0,-61.35564422607422
17.714908599853516,-1.0,-50.837677001953125
17.725027084350586,-1.0,-50.837677001953125
17.735216856002808,1.0,-36.49797058105469
17.74539303779602,1.0,-19.810426712036133
17.755518198013306,1.0,-19.810426712036133
17.765648126602173,1.0,-2.9424757957458496
17.775779962539673,-1.0,14.106786727905273
17.785922050476074,-1.0,14.106786727905273
17.7960844039917,1.0,29.861309051513672
17.80622100830078,1.0,29.861309051513672
17.816340684890747,1.0,44.65068054199219
17.82644534111023,1.0,56.564579010009766
17.836546421051025,-1.0,56.564579010009766
17.846653699874878,-1.0,65.57676696777344
17.856781482696533,-0.2134137749671936,70.22250366210938
17.86691904067993,-0.2134137749671936,70.22250366210938
17.877041578292847,1.0,72.08090209960938
17.887163877487183,1.0,68.50582122802734
17.89731478691101,-1.0,68.50582122802734
17.907485246658325,-1.0,62.3142204284668
17.91762089729309,-1.0,62.3142204284668
17.927741289138794,-1.0,53.777191162109375
17.937864542007446,1.0,40.387367248535156
17.94801139831543,1.0,40.387367248535156
17.95813274383545,-1.0,25.440921783447266
17.96825933456421,-1.0,6.635607719421387
17.978376865386963,-1.0,6.635607719421387
17.988514184951782,-1.0,-11.662901878356934
17.998673677444458,1.0,-11.662901878356934
